TipoRecurso,Provido,Provido em parte,Não provido,Não conhecido,Perda de objeto,Sem resposta registrada,Outros,recursos,provido_ou_parcial_pct,nao_conhecido_pct,sem_resposta_pct
Informação incompleta,34051,5879,22774,11014,3987,2747,399,80851,49.39,13.62,3.4
Informação recebida não corresponde à solicitada,16541,3239,16429,9692,2058,1746,203,49908,39.63,19.42,3.5
Outros,11822,2388,14774,7210,1856,1325,248,39623,35.86,18.2,3.34
Justificativa para o sigilo insatisfatória/não informada,2568,1336,11663,1515,464,581,141,18268,21.37,8.29,3.18
Resposta não foi dada no prazo,582,21,20,18,79,9021,1307,11048,5.46,0.16,81.65
Ausência de justificativa legal para classificação,1062,344,4010,4323,227,379,40,10385,13.54,41.63,3.65
Não concorda com a transformação do pedido em manifestação de ouvidoria,2077,0,4915,0,0,3,0,6995,29.69,0.0,0.04
Informação classificada por autoridade sem competência,255,56,671,391,73,35,7,1488,20.9,26.28,2.35
Informação recebida por meio diferente do solicitado,469,66,477,226,81,23,3,1345,39.78,16.8,1.71
Grau de classificação inexistente,112,41,420,89,38,34,5,739,20.7,12.04,4.6
Grau de sigilo não informado,88,34,318,104,10,17,5,576,21.18,18.06,2.95
Autoridade classificadora não informada,73,29,135,82,12,8,1,340,30.0,24.12,2.35
Data da classificação (de início ou fim) não informada,49,14,145,40,3,7,1,259,24.32,15.44,2.7
Deferimento de pedido de revisão para transformar pedido em manifestação,187,10,24,18,9,10,0,258,76.36,6.98,3.88
Prazo de classificação inadequado para o grau de sigilo,26,13,91,24,3,2,0,159,24.53,15.09,1.26
