ano,Provido,Provido em parte,Não provido,Não conhecido,Perda de objeto,Sem resposta registrada,Outros,recursos,provido_ou_parcial_pct,nao_conhecido_pct,sem_resposta_pct,dias_mediana
2012,1649,492,2162,10,7,286,0,4606,46.48,0.22,6.21,6.0
2013,3264,645,4806,498,184,652,1,10050,38.9,4.96,6.49,6.0
2014,3809,530,3117,1427,473,646,0,10002,43.38,14.27,6.46,6.0
2015,4129,674,3896,2188,595,859,2,12343,38.91,17.73,6.96,6.0
2016,4605,873,4810,3203,631,1446,109,15677,34.94,20.43,9.22,7.0
2017,6039,834,4866,4554,953,2855,482,20583,33.39,22.13,13.87,6.0
2018,5308,853,5161,3611,842,2653,500,18928,32.55,19.08,14.02,6.0
2019,5968,1079,6154,2452,722,1747,374,18496,38.1,13.26,9.45,6.0
2020,5827,1098,6952,3078,629,1209,257,19050,36.35,16.16,6.35,6.0
2021,5107,1002,6797,2401,621,522,101,16551,36.91,14.51,3.15,6.0
2022,4807,975,6072,1893,617,423,99,14886,38.84,12.72,2.84,6.0
2023,6318,1467,8398,2445,1070,660,127,20485,38.0,11.94,3.22,6.0
2024,5908,1366,6622,2826,650,832,103,18307,39.73,15.44,4.54,6.0
2025,7224,1582,7053,4160,906,1148,205,22278,39.53,18.67,5.15,6.0
