n,prevalencia_evasao,kappa_esperado,dp_kappa
100,0.2,0.6,0.155
100,0.2,0.7,0.159
100,0.2,0.8,0.162
100,0.35,0.6,0.119
100,0.35,0.7,0.123
100,0.35,0.8,0.127
100,0.5,0.6,0.105
100,0.5,0.7,0.11
100,0.5,0.8,0.114
200,0.2,0.6,0.11
200,0.2,0.7,0.112
200,0.2,0.8,0.114
200,0.35,0.6,0.084
200,0.35,0.7,0.087
200,0.35,0.8,0.09
200,0.5,0.6,0.074
200,0.5,0.7,0.077
200,0.5,0.8,0.081
300,0.2,0.6,0.09
300,0.2,0.7,0.092
300,0.2,0.8,0.093
300,0.35,0.6,0.069
300,0.35,0.7,0.071
300,0.35,0.8,0.073
300,0.5,0.6,0.061
300,0.5,0.7,0.063
300,0.5,0.8,0.066
400,0.2,0.6,0.078
400,0.2,0.7,0.079
400,0.2,0.8,0.081
400,0.35,0.6,0.059
400,0.35,0.7,0.062
400,0.35,0.8,0.064
400,0.5,0.6,0.052
400,0.5,0.7,0.055
400,0.5,0.8,0.057
500,0.2,0.6,0.069
500,0.2,0.7,0.071
500,0.2,0.8,0.072
500,0.35,0.6,0.053
500,0.35,0.7,0.055
500,0.35,0.8,0.057
500,0.5,0.6,0.047
500,0.5,0.7,0.049
500,0.5,0.8,0.051
630,0.2,0.6,0.062
630,0.2,0.7,0.063
630,0.2,0.8,0.064
630,0.35,0.6,0.047
630,0.35,0.7,0.049
630,0.35,0.8,0.051
630,0.5,0.6,0.042
630,0.5,0.7,0.044
630,0.5,0.8,0.045
800,0.2,0.6,0.055
800,0.2,0.7,0.056
800,0.2,0.8,0.057
800,0.35,0.6,0.042
800,0.35,0.7,0.043
800,0.35,0.8,0.045
800,0.5,0.6,0.037
800,0.5,0.7,0.039
800,0.5,0.8,0.04
1000,0.2,0.6,0.049
1000,0.2,0.7,0.05
1000,0.2,0.8,0.051
1000,0.35,0.6,0.038
1000,0.35,0.7,0.039
1000,0.35,0.8,0.04
1000,0.5,0.6,0.033
1000,0.5,0.7,0.035
1000,0.5,0.8,0.036
