obra,ano,doi,A1_guardioes,A2_estado_nao,A3_resposta_inteira,A4_contestacao,A5_evasao,n_artigos,fichada,eixo_ficha,estrato,aderencia,caminho_ficha
 (),,,x,x,x,,,3,NÃO,,,,
"AGBABIAKA, Olusegun; OJO, Adegboyega; CONNOLLY (2025)",2025,,,x,,,,1,sim,T8 Outras,Não identificado,alta,fichamentos/2025_agbabiaka_requirements-for-trustworthy.md
"BAEKGAARD, M.; HALLING, A (2024)",2024,10.1111/puar.13835,,,,x,,1,NÃO,,,,
"BAGOZZI, B. E.; BERLINER, D (2019)",2019,10.1111/rego.12282,,,,x,x,2,NÃO,,,,
"BAGOZZI, Benjamin E.; BERLINER, Daniel; ALMQUI (2021)",2021,,x,x,x,,,3,sim,"T2 Transparência, accountability e controle",Não identificado,alta,fichamentos/2021_bagozzi_when-does-open.md
"BATALLI, M (2017)",2017,10.5771/1435-2869-2017-1-139,,,,x,,1,NÃO,,,,
"BENMOHAMED, Nuria; SHEN, Jun; VLAHU-GJORGIEVSK (2024)",2024,,x,,x,,,2,sim,"T5 Dados abertos, governo digital e plataformização",Não identificado,media,fichamentos/2024_benmohamed_public-value-creation.md
"BERLINER, Daniel (2014)",2014,,x,x,,,,2,sim,"T2 Transparência, accountability e controle",Não identificado,media,fichamentos/2014_berliner_political-origins-transparency.md
"BINNS, Reuben (2018)",2018,,,x,,,,1,sim,T8 Outras,Não identificado,alta,fichamentos/2018_binns_algorithmic-accountability-public.md
"BOVENS, Mark (2007)",2007,,x,x,,,,2,sim,"T2 Transparência, accountability e controle",Não identificado,alta,fichamentos/2007_bovens_analysing-assessing-accountability.md
"BOVENS, Mark; WILLE, Anchrit (2021)",2021,,x,x,x,,,3,sim,"T2 Transparência, accountability e controle",Não identificado,alta,fichamentos/2021_bovens_indexing-watchdog-accountability.md
BRASIL (2011),2011,,x,x,,,,2,NÃO,,,,
"BRODER, A.Z (1997)",1997,10.1109/SEQUEN.1997.666900,,x,x,,x,3,sim,"T7 Método, medida e reprodutibilidade",Não identificado,alta,fichamentos/1997_broder_on-resemblance-containment.md
"BRÜCK, Janise; KNORR, Charlotte; GUENTHER, Lar (2025)",2025,,,x,,,,1,sim,T8 Outras,Não identificado,alta,fichamentos/2025_bruck_copy-paste-publish.md
"BURDEN, Barry C.; CANON, David T.; MAYER, Kenn (2012)",2012,,x,x,,,,2,sim,T4 Carga administrativa e burocracia de linha de frente,Não identificado,alta,fichamentos/2012_burden_effect-administrative-burden.md
"BURRELL, Jenna (2016)",2016,,,x,,,,1,sim,T8 Outras,Não identificado,alta,fichamentos/2016_burrell_how-machine-thinks.md
"CARDOZO, Guilherme Lima (2025)",2025,,,x,,,,1,sim,T8 Outras,Não identificado,alta,fichamentos/2025_cardozo_linguagem-simples-na.md
"CHRISTENSEN, Julian; AARØE, Lene; BAEKGAARD, M (2020)",2020,,x,x,,,,2,sim,T4 Carga administrativa e burocracia de linha de frente,Não identificado,alta,fichamentos/2020_christensen_human-capital-administrative.md
"COHEN, Jacob (1960)",1960,10.1177/001316446002000104,,x,,,x,2,sim,"T7 Método, medida e reprodutibilidade",Não identificado,media,fichamentos/1960_cohen_coefficient-agreement-for.md
"DUNN, Olive Jean (1964)",1964,,x,x,,,,2,sim,"T7 Método, medida e reprodutibilidade",Não identificado,alta,fichamentos/1964_dunn_multiple-comparisons-using.md
"EVANS, T (2004)",2004,,,x,,,,1,sim,T8 Outras,Não identificado,alta,fichamentos/2004_evans_street-level-bureaucracy.md
"FLEISS, Joseph L (1971)",1971,10.1037/h0031619,,x,,,x,2,sim,"T7 Método, medida e reprodutibilidade",Não identificado,media,fichamentos/1971_fleiss_measuring-nominal-scale.md
"FOX, Jonathan A (2015)",2015,,x,x,,,,2,sim,"T2 Transparência, accountability e controle",Não identificado,media,fichamentos/2015_fox_social-accountability-what.md
"GRIMMELIKHUIJSEN, Stephan G.; WELCH, Eric W (2012)",2012,,x,x,,,,2,sim,"T2 Transparência, accountability e controle",Não identificado,alta,fichamentos/2012_grimmelikhuijsen_developing-testing-theoretical.md
"GWET, Kilem Li (2008)",2008,10.1348/000711006X126600,x,x,,,x,3,sim,"T7 Método, medida e reprodutibilidade",Não identificado,alta,fichamentos/2008_gwet_computing-inter-rater.md
"HALLGREN, K. A (2012)",2012,10.20982/tqmp.08.1.p023,,,,,x,1,NÃO,,,,
"HALLING, A.; BAEKGAARD, M (2023)",2023,10.1093/jopart/muad023,,,,x,x,2,NÃO,,,,
"HALLING, Aske; BAEKGAARD, Martin (2024)",2024,,x,x,x,,,3,sim,T4 Carga administrativa e burocracia de linha de frente,Não identificado,alta,fichamentos/2024_halling_administrative-burden-in.md
"HAYES, A. F.; KRIPPENDORFF, K (2007)",2007,10.1080/19312450709336664,,,,,x,1,NÃO,,,,
"HEALD, David (2006)",2006,,x,x,,,,2,sim,"T2 Transparência, accountability e controle",Não identificado,alta,fichamentos/2006_heald_varieties-transparency.md
"HENZINGER, Monika (2006)",2006,,,x,,,,1,sim,T8 Outras,Não identificado,alta,fichamentos/2006_henzinger_finding-near-duplicate.md
"HERD, P (2018)",2018,10.7758/9781610448789,,,x,x,x,3,NÃO,,,,
"HERD, Pamela; MOYNIHAN, Donald P (2019)",2019,,x,x,,,,2,sim,T4 Carga administrativa e burocracia de linha de frente,Não identificado,alta,fichamentos/2019_herd_administrative-burden.md
"JANSSEN, Marijn; CHARALABIDIS, Yannis; ZUIDERW (2012)",2012,10.1080/10580530.2012.716740,x,,x,x,,3,sim,"T5 Dados abertos, governo digital e plataformização",Não identificado,alta,fichamentos/2012_janssen_benefits-adoption-barriers.md
"JANSSEN, Marijn; HARTOG, Martijn; MATHEUS, Ric (2022)",2022,,,x,,,,1,sim,"T5 Dados abertos, governo digital e plataformização",Não identificado,alta,fichamentos/2022_janssen_will-algorithms-blind.md
"KAUN, Anne (2022)",2022,,,x,,,,1,sim,"T7 Método, medida e reprodutibilidade",Não identificado,media,fichamentos/2022_kaun_suing-algorithm-mundanization.md
"KERCHE, Fábio; OLIVEIRA, Vanessa Elias de; COU (2020)",2020,,x,x,,,,2,sim,T6 Administração pública brasileira e controle externo,Não identificado,alta,fichamentos/2020_kerche_conselhos-nacionais-justi.md
"KRUSKAL, William H.; WALLIS, W. Allen (1952)",1952,,x,x,,,,2,sim,"T7 Método, medida e reprodutibilidade",Não identificado,alta,fichamentos/1952_kruskal_use-ranks-in.md
"KWOKA, Margaret B (2021)",2021,,x,x,,,,2,sim,T3 Resistência à LAI e uso do direito de acesso,Não identificado,alta,fichamentos/2021_kwoka_saving-freedom-information.md
LAI do Fala (),,,x,,,,,1,NÃO,,,,
"LANDIS, J. Richard; KOCH, Gary G (1977)",1977,10.2307/2529310,x,x,,,x,3,sim,"T7 Método, medida e reprodutibilidade",Não identificado,alta,fichamentos/1977_landis_measurement-observer-agreement.md
"LESKOVEC, Jure; RAJARAMAN, Anand; ULLMAN, Jeff (2014)",2014,,,x,x,,,2,sim,"T7 Método, medida e reprodutibilidade",Não identificado,alta,fichamentos/2014_leskovec_mining-massive-datasets.md
"LOYENS, Kim; MAESSCHALCK, Jeroen (2010)",2010,,,x,,,,1,sim,T8 Outras,Não identificado,alta,fichamentos/2010_loyens_toward-theoretical-framework.md
"MABILLARD, V.; ESPOSITO, G (2024)",2024,10.1080/01900692.2024.2378329,,,,x,x,2,NÃO,,,,
"MABILLARD, Vincent; ESPOSITO, Giovanni; CICATI (2025)",2025,,x,x,x,,,3,sim,T3 Resistência à LAI e uso do direito de acesso,Não identificado,alta,fichamentos/2025_mabillard_barriers-to-freedom.md
"MACHADO, Betieli Da Rosa Sauzem; HERMANY, Rica (2023)",2023,,x,x,,,,2,sim,T6 Administração pública brasileira e controle externo,Não identificado,alta,fichamentos/2023_machado_governan-multin-vel.md
"MAINWARING, Scott; WELNA, Christopher (org.) (2003)",2003,,x,x,,,,2,sim,"T2 Transparência, accountability e controle",Não identificado,alta,fichamentos/2003_mainwaring_democratic-accountability-in.md
"MARTIN, Chris (2014)",2014,10.1002/1944-2866.poi367,x,,x,,,2,sim,"T5 Dados abertos, governo digital e plataformização",Não identificado,alta,fichamentos/2014_martin_barriers-to-open.md
"MASOOD, A.; NISAR, M. A (2020)",2020,10.1093/jopart/muaa031,,,,x,x,2,NÃO,,,,
"MERGEL, Ines (2019)",2019,,x,,x,,,2,sim,"T5 Dados abertos, governo digital e plataformização",Não identificado,media,fichamentos/2019_mergel_digital-service-teams.md
"MICHENER, Gregory (2015)",2015,,x,x,,,,2,sim,"T2 Transparência, accountability e controle",Não identificado,alta,fichamentos/2015_michener_assessing-freedom-information.md
"MICHENER, Gregory; BERSCH, Katherine (2013)",2013,10.3233/IP-130299,x,x,x,x,x,5,sim,"T2 Transparência, accountability e controle",Não identificado,alta,fichamentos/2013_michener_identifying-transparency.md
"MOYNIHAN, Donald P.; HERD, Pamela; HARVEY, Hop (2015)",2015,,x,x,,,,2,sim,T4 Carga administrativa e burocracia de linha de frente,Não identificado,alta,fichamentos/2015_moynihan_administrative-burden-learning.md
"MUNGIU-PIPPIDI, A (2022)",2022,10.1111/rego.12502,,,,x,x,2,NÃO,,,,
"MUNGIU-PIPPIDI, A (2023)",2023,,,,x,,,1,NÃO,,,,
"MUNGIU‐PIPPIDI, Alina (2023)",2023,,x,x,,,,2,sim,T1 Transparência e desenvolvimento humano,Não identificado,alta,fichamentos/2023_mungiupippidi_transparency-corruption-measuring.md
"O'DONNELL, Guillermo (1998)",1998,,x,x,,,,2,sim,T8 Outras,Não identificado,alta,fichamentos/1998_odonnell_accountability-horizontal-novas.md
OECD (2022),2022,10.1787/1afdc85e-en,,,,x,,1,NÃO,,,,
"PAGE, Matthew J; MCKENZIE, Joanne E; BOSSUYT,  (2021)",2021,,x,,,,,1,sim,"T7 Método, medida e reprodutibilidade",Não identificado,alta,fichamentos/2021_page_prisma-2020-statement.md
"PINHO, José Antonio Gomes de; SACRAMENTO, Ana  (2009)",2009,,,x,,,,1,sim,T8 Outras,Não identificado,media,fichamentos/2009_pinho_accountability-j-podemos.md
"PINTO, D (2026)",2026,,,,x,,,1,NÃO,,,,
"RELLY, Jeannine E (2012)",2012,,x,,,,,1,sim,T3 Resistência à LAI e uso do direito de acesso,Não identificado,media,fichamentos/2012_relly_freedom-information-laws.md
"ROBERTS, Alasdair (2006)",2006,,x,x,,,,2,sim,T3 Resistência à LAI e uso do direito de acesso,Não identificado,alta,fichamentos/2006_roberts_blacked-out.md
"ROCHA, Diones Gomes da; ZUCCOLOTTO, Robson; TE (2020)",2020,,x,x,,,,2,sim,T6 Administração pública brasileira e controle externo,Não identificado,alta,fichamentos/2020_rocha_insulados-n-democr.md
"ROSA, Marcelo Medeiros da; BERNARDO, Fabiano D (2016)",2016,,x,x,,,,2,sim,T6 Administração pública brasileira e controle externo,Não identificado,alta,fichamentos/2016_rosa_lei-acesso-informa.md
"ROY, Jeffrey (2017)",2017,10.1111/capa.12231,x,,x,,,2,sim,"T5 Dados abertos, governo digital e plataformização",Não identificado,alta,fichamentos/2017_roy_digital-government-service.md
"SAFAROV, Igbal (2020)",2020,,x,,,,,1,sim,"T5 Dados abertos, governo digital e plataformização",Não identificado,media,fichamentos/2020_safarov_institutional-dimensions-open.md
"SCHELLER, Daniel S (2024)",2024,,x,,,,,1,sim,"T7 Método, medida e reprodutibilidade",Não identificado,media,fichamentos/2024_scheller_logistic-regression.md
"SCUPOLA, Ada; MERGEL, Ines (2022)",2022,,x,,x,,,2,sim,"T5 Dados abertos, governo digital e plataformização",Não identificado,media,fichamentos/2022_scupola_co-production-in.md
"SMULOVITZ, Catalina; PERUZZOTTI, Enrique (2000)",2000,,x,x,,,,2,sim,"T2 Transparência, accountability e controle",Não identificado,alta,fichamentos/2000_smulovitz_societal-accountability-in.md
"STEIN, Laura L; CAMAJ, Lindita (2018)",2018,,x,x,,,,2,sim,T3 Resistência à LAI e uso do direito de acesso,Não identificado,alta,fichamentos/2018_stein_freedom-information.md
"THOMAS, Owen D (2020)",2020,,x,x,,,,2,sim,T3 Resistência à LAI e uso do direito de acesso,Não identificado,alta,fichamentos/2020_thomas_paradoxical-secrecy-in.md
"TUMMERS, Lars; BEKKERS, Victor (2014)",2014,,,x,,,,1,sim,T8 Outras,Não identificado,alta,fichamentos/2014_tummers_policy-implementation-street.md
"UGARTE, Ramiro Álvarez (2022)",2022,,x,x,,,,2,sim,T3 Resistência à LAI e uso do direito de acesso,Não identificado,alta,fichamentos/2022_ugarte_right-to-information.md
"WILKINSON, Mark D.; DUMONTIER, Michel; AALBERS (2016)",2016,,x,x,,,,2,sim,"T7 Método, medida e reprodutibilidade",Não identificado,alta,fichamentos/2016_wilkinson_fair-guiding-principles.md
"WILSON, Edwin B (1927)",1927,,x,x,,,,2,sim,"T7 Método, medida e reprodutibilidade",Não identificado,alta,fichamentos/1927_wilson_probable-inference-law.md
"WIRTZ, Bernd W.; WEYERER, Jan C.; BECKER, Marc (2022)",2022,,x,,,,,1,sim,"T5 Dados abertos, governo digital e plataformização",Não identificado,media,fichamentos/2022_wirtz_open-government-data.md
"WOHLIN, Claes (2014)",2014,,,x,,,,1,sim,"T7 Método, medida e reprodutibilidade",Não identificado,media,fichamentos/2014_wohlin_guidelines-for-snowballing.md
"WORTHY, Ben (2010)",2010,,,x,,,,1,sim,T3 Resistência à LAI e uso do direito de acesso,Não identificado,alta,fichamentos/2010_worthy_more-open-but.md
"XU, Shaobin; SMITH, David; MULLEN, Abigail; CO (2014)",2014,,,x,,,,1,sim,T8 Outras,Não identificado,alta,fichamentos/2014_xu_detecting-evaluating-local.md
"ZUCCOLOTTO, Robson; TEIXEIRA, Marco Antonio Ca (2014)",2014,,x,x,,,,2,sim,T6 Administração pública brasileira e controle externo,Não identificado,alta,fichamentos/2014_zuccolotto_causes-fiscal-transparency.md
"ZUCCOLOTTO, Robson; TEIXEIRA, Marco Antonio Ca (2017)",2017,,x,x,,,,2,sim,T6 Administração pública brasileira e controle externo,Não identificado,alta,fichamentos/2017_zuccolotto_transpar-ncia-or.md
