ano,grupo,respostas,literal_pct,quase_pct
2015,"Autarquias, fundações e agências",29380,20.73,39.4
2015,Executivo federal (ministérios e Presidência),21571,14.3,25.25
2015,"Estatais, bancos e empresas públicas",10550,14.7,31.48
2015,Universidades e institutos federais,8760,4.74,7.37
2015,Controle interno,723,95.16,95.3
2015,Defensoria,132,12.88,38.64
2016,Executivo federal (ministérios e Presidência),26258,17.15,30.43
2016,"Autarquias, fundações e agências",25954,19.07,36.26
2016,Universidades e institutos federais,14513,5.95,10.2
2016,"Estatais, bancos e empresas públicas",12916,18.67,31.91
2016,Controle interno,832,79.57,82.21
2016,Defensoria,569,26.71,48.51
2017,Executivo federal (ministérios e Presidência),29925,25.99,23.86
2017,"Autarquias, fundações e agências",27482,14.79,29.21
2017,Universidades e institutos federais,20800,7.45,13.76
2017,"Estatais, bancos e empresas públicas",10353,12.94,21.9
2017,Controle interno,965,72.54,11.71
2017,Defensoria,213,0.0,29.58
2018,Executivo federal (ministérios e Presidência),29347,20.94,24.15
2018,"Autarquias, fundações e agências",28077,12.69,27.0
2018,Universidades e institutos federais,20662,7.36,14.48
2018,"Estatais, bancos e empresas públicas",11372,13.49,31.27
2018,Controle interno,1170,26.24,27.52
2019,"Autarquias, fundações e agências",33122,9.53,25.22
2019,Executivo federal (ministérios e Presidência),30645,11.67,21.7
2019,Universidades e institutos federais,18821,6.36,13.42
2019,"Estatais, bancos e empresas públicas",11459,8.63,26.11
2019,Controle interno,1351,6.0,13.62
2020,Executivo federal (ministérios e Presidência),45183,38.11,25.7
2020,"Autarquias, fundações e agências",32302,9.7,22.74
2020,Universidades e institutos federais,19540,6.17,10.74
2020,"Estatais, bancos e empresas públicas",12406,6.43,36.35
2020,Controle interno,1232,0.0,2.19
2021,Executivo federal (ministérios e Presidência),29598,25.52,26.06
2021,"Autarquias, fundações e agências",27372,10.78,29.56
2021,Universidades e institutos federais,13141,4.81,10.77
2021,"Estatais, bancos e empresas públicas",8054,8.02,29.29
2021,Controle interno,946,2.01,7.82
2022,"Autarquias, fundações e agências",29943,13.9,34.99
2022,Executivo federal (ministérios e Presidência),20399,18.0,29.51
2022,Universidades e institutos federais,10468,4.5,11.33
2022,"Estatais, bancos e empresas públicas",7287,11.01,29.77
2022,Controle interno,965,5.8,11.71
2023,"Autarquias, fundações e agências",34893,14.16,34.85
2023,Executivo federal (ministérios e Presidência),25622,19.19,15.15
2023,Universidades e institutos federais,17736,6.15,11.89
2023,"Estatais, bancos e empresas públicas",10260,10.94,28.82
2023,Controle interno,997,8.53,15.65
2024,"Autarquias, fundações e agências",26321,10.99,29.09
2024,Executivo federal (ministérios e Presidência),24102,20.79,13.05
2024,Universidades e institutos federais,16685,7.54,11.66
2024,"Estatais, bancos e empresas públicas",10771,7.1,25.89
2024,Controle interno,1015,4.73,6.6
2025,"Autarquias, fundações e agências",29075,13.66,31.28
2025,Executivo federal (ministérios e Presidência),24569,19.76,11.07
2025,Universidades e institutos federais,16642,8.3,13.12
2025,"Estatais, bancos e empresas públicas",12288,7.64,21.87
2025,Controle interno,1253,7.58,12.37
