ano,respostas_com_texto,literal_janela250_pct,quase_janela250_pct,literal_inteira_pct,quase_inteira_pct,tamanho_medio_caracteres,baldes_descartados,maior_grupo_de_repeticao,grupos_ge_5,delta_quase_pp,delta_literal_pp
2015,71116,20.86,24.75,16.66,30.56,930.5,102,454,797,5.81,-4.2
2016,81042,21.21,25.24,16.71,29.57,973.1,100,487,974,4.33,-4.5
2017,89738,19.98,20.85,17.2,22.82,875.2,224,432,859,1.97,-2.78
2018,90628,18.95,22.84,14.42,23.76,982.5,180,454,905,0.92,-4.53
2019,95398,14.93,20.13,9.43,21.71,1061.2,94,852,983,1.58,-5.5
2020,110663,24.69,20.6,20.2,23.13,1312.1,238,784,1106,2.53,-4.49
2021,79111,21.5,21.33,14.92,24.84,1330.5,189,833,835,3.51,-6.58
2022,69062,21.25,25.64,13.27,28.91,1278.8,163,870,797,3.27,-7.98
2023,89508,22.74,24.42,13.58,23.76,1347.0,80,525,965,-0.66,-9.16
2024,78894,20.28,22.46,12.64,19.78,1364.1,44,460,813,-2.68,-7.64
2025,83827,20.42,21.57,13.41,20.09,1452.9,100,565,831,-1.48,-7.01
