eixo,autores,titulo,ano,veiculo,doi,citacoes_crossref
onus_administrativo,,,2016,grant,10.3030/737492,0
onus_administrativo,"Jasanoff, Sheila",A Century of Reason,2016,The Progressives' Century,10.12987/yale/9780300204841.003.0018,2
onus_administrativo,"Loss, Christopher P.",Building the New Deal Administrative State,2011,Between Citizens and the State,10.23943/princeton/9780691148274.003.0003,0
onus_administrativo,"Masood, Ayesha; Azfar Nisar, Muhammad",Administrative Capital and Citizens’ Responses to Administrative Burden,2020,Journal of Public Administration Research and Theory,10.1093/jopart/muaa031,199
onus_administrativo,,,2020,grant,10.61686/lxays11796,0
onus_administrativo,"Ranchordas, Sofia",Inaugural Address: Administrative Blindness: All the Citizens the State Cannot See,2024,posted-content,10.2139/ssrn.4811928,3
acesso_informacao,"Lagunes, Paul; Pocasangre, Oscar",Dynamic Transparency: An Audit of Mexico’s Freedom of Information Act,2017,report,10.18235/0000842,3
acesso_informacao,"Lebovic, Sam",1. How Administrative Opposition Shaped the Freedom of Information Act,2018,Troubling Transparency,10.7312/poze18498-003,9
acesso_informacao,"Hilliard, Nadia","8. Monitoring the U.S. Executive Branch Inside and Out: The Freedom of Information Act, Inspectors General, and the Paradoxes of Transparency",2018,Troubling Transparency,10.7312/poze18498-010,1
acesso_informacao,,Motivating Compliance: Freedom to Act?,2021,Reconceptualising Corporate Compliance,10.5040/9781509918775.ch-004,0
acesso_informacao,"Oberson, Xavier",Foreign Account Tax Compliance Act (FATCA),2015,International Exchange of Information in Tax Matters,10.4337/9781784714727.00014,5
acesso_informacao,"Svärd, Proscovia",Has the Freedom of Information Act enhanced transparency and the free flow of information in Liberia?,2016,Information Development,10.1177/0266666916672717,7
recurso_administrativo,"Горкава, Влада Владиленівна",Appeal of the decision in the case of administrative offenses as part of the rights guarantees citizens to protection,2014,"Scientific works of National Aviation University. Series: Law Journal ""Air and Space Law""",10.18372/2307-9061.32.8420,0
recurso_administrativo,,P23 Appeal. An appeal lies from the Administrative Court’s decisions (except the grant of permission).,2012,Judicial Review Handbook,10.5040/9781509943517.ch-023,0
recurso_administrativo,"Craig, Paul",Internal Review and Appeal,2026,EU Administrative Law,10.1093/law/9780197904237.003.0023,0
recurso_administrativo,"Anggraeni, Yuli Mega; Taufiqurrohman Syahuri; Irwan Triadi",Administrative Appeal Decision on Dismissal of Civil Servants After Serving Criminal Sentences,2026,Journal of Law Perspectives Review,10.64670/jlpr.v2i2.94,0
recurso_administrativo,"Ura, Paulina",The Constitutional Right to Appeal Against an Administrative Decision,2021,Przegląd Prawa Konstytucyjnego,10.15804/ppk.2021.06.42,0
recurso_administrativo,"Muzi, Laura",Who Litigates before the Boards of Appeal?,2022,Boards of Appeal of EU Agencies,10.1093/oso/9780192849298.003.0011,0
controle_externo,"Santiso, Carlos",Closing the Accountability Gap: Audit Agencies as Partners and Advisors of Parliaments in the Oversight of the Budget Process,2013,Supreme Audit Institutions,10.5771/9783845251851-68,0
controle_externo,"Castro, Michael; Cornejo, Carolina; Lyubarsky, Andrew","Transparency, Participation and Accountability in Public Oversight: Advancing Latin American SAIs Agenda at the Subnational Level",2013,Supreme Audit Institutions,10.5771/9783845251851-154,0
controle_externo,,Enhancing the Oversight Impact of Chile’s Supreme Audit Institution,2022,OECD Public Governance Reviews,10.1787/1afdc85e-en,2
controle_externo,"Wescott, Clay G.",World Bank Support for Supreme Audit and other Accountability Institutions,2013,Supreme Audit Institutions,10.5771/9783845251851-179,0
controle_externo,"Wescott, Clay G.",World Bank Support for Supreme Audit and other Accountability Institutions,2013,Supreme Audit Institutions,10.5771/9783845251851-178,1
controle_externo,"Basyouni, Asma",Audit as Oversight: Evaluating Fiscal Accountability in California's Public Sector Budgets,2025,posted-content,10.2139/ssrn.5233634,1
silêncio_administrativo,"Batalli, Mirlinda",Consequences of administrative silence in public administration,2017,SEER,10.5771/1435-2869-2017-1-139,4
silêncio_administrativo,"Auerbach, Arnold J.",Confrontation and Administrative Response,1969,Public Administration Review,10.2307/974107,1
silêncio_administrativo,"Юрковска-Гомулка, Агата; Курчевски, Камилла; Курзенпа-Дедо, Катажина",UNDERSTANDING ADMINISTRATIVE SILENCE: A VIEW OF PUBLIC OFFICERS FROM THE SUBCARPATHIA,2020,Public Administration Issues,10.17323/1999-5431-2020-0-6-98-117,2
silêncio_administrativo,"Williams, Colin",Evaluating Public Administration Approaches towards Tax Non-Compliance in Europe,2020,Administrative Sciences,10.3390/admsci10030043,11
silêncio_administrativo,"Schneider, Saundra K.",Administrative Breakdowns in the Governmental Response to Hurricane Katrina,2005,Public Administration Review,10.1111/j.1540-6210.2005.00478.x,108
silêncio_administrativo,"Sudan, Randeep",Disaster Management--Administrative Response to Cyclones,1992,Indian Journal of Public Administration,10.1177/0019556119920104,0
ouvidoria,"Rukundo, Solomon",Towards an Effective Taxpayer Complaint Handling Mechanism: The Case for a Tax Ombudsman in Uganda,2023,report,10.19088/ictd.2023.010,0
ouvidoria,"SADVAKASSOVA, Kymbat; JUNUSBEKOVA, Gulsara; SUKVIETIENE, Ausra",COMPARATIVE ANALYSIS OF CITIZEN COMPLAINT HANDLING: KAZAKHSTAN FOREIGN COUNTRIES,2026,Public Administration and Civil Service,10.52123/1994-2370-2026-1694,0
ouvidoria,"McMillan, John",Complaint Handling Effectiveness: What Can We Learn from Industry-Based Ombudsmen Schemes?,2022,The Ombudsman in the Modern State,10.5040/9781509943272.ch-008,0
ouvidoria,"Phatak, Sohail Ahmad; Nisar, Aasim",Public Complaint Handling Process and the Usage of ICT in Public Sector: An Exploratory Study of Ombudsman Sector of Pakistan,2017,Pakistan Journal of Engineering and Applied Sciences,10.67635/pjeas.2017.20.1.801,0
ouvidoria,"Savard, Gerald",Complaint Handling at the Canadian Human Rights Commission,2001,Human Rights Commissions and Ombudsman Offices,10.1163/9789004481930_032,0
ouvidoria,"Suryandartiwi, Wiwik",PENGARUH COMPLAINT HANDLING TERHADAP PATIENT LOYALTY MELALUI SATISFACTION COMPLAINT HANDLING  DI RUMAH SAKIT PENYELENGGARA BPJS YOGYAKARTA,2020,Journal of Hospital Administration and Management,10.54973/jham.v1i1.52,0
contestação_cidadão,"Sebő, Marianna; Bel, Germà","E-Government and provision of public services: economic, social, and political determinants of citizen complaints",2023,International Public Management Journal,10.1080/10967494.2023.2273343,5
contestação_cidadão,,Public Service Reform: The Rise of the Citizen-Consumer,2007,Creating Citizen-Consumers: Changing Publics &amp; Changing Public Services,10.4135/9781446213551.n3,1
contestação_cidadão,,Beyond the Citizen-Consumer,2007,Creating Citizen-Consumers: Changing Publics &amp; Changing Public Services,10.4135/9781446213551.n9,0
contestação_cidadão,"Chen, Don-yun; Huang, Tong-yi; Hsaio, Naiyi",The Management of Citizen Participation in Taiwan,2007,Public Administration and Public Policy,10.1201/b15784-19,0
contestação_cidadão,,Sites of Strain: Consumerism and Public Services,2007,Creating Citizen-Consumers: Changing Publics &amp; Changing Public Services,10.4135/9781446213551.n7,1
contestação_cidadão,"Bridge, Gary",Citizen Choice in Public Services: Voucher Systems,2019,Alternatives for Delivering Public Services,10.4324/9780429047978-3,1
transparência_negativa,,Constitutional Law. Refusal to Renew Radio Broadcasting License Because of Objectionable Matter Broadcast as a Denial of Freedom of Speech,1933,Virginia Law Review,10.2307/1066713,0
transparência_negativa,,Freedom of information: regulatory enforcement,2020,Information Rights,10.5040/9781509922246.ch-047,0
transparência_negativa,,Freedom of Information Act 2000,2023,Information Rights,10.5040/9781509967339.v2_0003,2
transparência_negativa,,Freedom of information: regulatory enforcement,2020,Information Rights,10.5040/9781509943524.ch-047,0
transparência_negativa,,Freedom of information: regulatory enforcement etc,2023,Information Rights,10.5040/9781509967339.v1_ch-048,0
transparência_negativa,"Dowling, Richard",Freedom of information and policing,2015,Ireland and the Freedom of Information Act,10.7765/9781784997175.00013,3
justiça_administrativa,,Joining Up Citizen Redress in UK Central Government,,Administrative Justice in Context,10.5040/9781472560759.ch-017,0
justiça_administrativa,"Tomlinson, Joe",Bureaucratic Warfare: Administrative Justice and the Crisis of the ‘New Bespokism’,2022,posted-content,10.2139/ssrn.4119575,3
justiça_administrativa,"Zucker, Lynne G.; Mashaw, Jerry L.",Bureaucratic Justice: Managing Social Security Disability Claims.,1985,Administrative Science Quarterly,10.2307/2392707,0
justiça_administrativa,"Halliday, Simon",The Influence of Judicial Review on Bureaucratic Decision-Making,2018,Administrative Law,10.4324/9781315183770-11,2
justiça_administrativa,"Tomlinson, Joe","The Individual in the Reformation of the UK's Bureaucratic State—Administrative Justice, Brexit, and Human Rights",2017,posted-content,10.2139/ssrn.2933880,0
justiça_administrativa,"Partington, M.",Restructuring Administrative Justice? The Redress of Citizens' Grievances,1999,Current Legal Problems,10.1093/clp/52.1.173,4
dados_abertos_governo,"Margetts, Helen","Data, Data Everywhere: Open Data versus Big Data in the Quest for Transparency",2014,Transparency in Politics and the Media,10.5040/9780755694716.ch-010,3
dados_abertos_governo,"Cohen, Sarah",Transparency and Public Policy: Where Open Government Fails Accountability,2014,Transparency in Politics and the Media,10.5040/9780755694716.ch-006,1
dados_abertos_governo,"LaFleur, Jennifer",Data and Transparency: Perils and Progress,2014,Transparency in Politics and the Media,10.5040/9780755694716.ch-008,0
dados_abertos_governo,"Riddell, Peter",Impact of Transparency on Accountability,2014,Transparency in Politics and the Media,10.5040/9780755694716.ch-002,4
dados_abertos_governo,"Birkinshaw, Patrick",Valuing Transparency in Government and Media,2014,Transparency in Politics and the Media,10.5040/9780755694716.ch-004,4
dados_abertos_governo,"Dijk, Marlon Van","The State of Open Government Data in Dutch Municipalities: Transparency, Accountability &amp; Innovation",2018,MaRBLe,10.26481/marble.2018.v4.640,0
