n;autores;ano;titulo;veiculo;doi_isbn;onde_conferi;observacoes
1;Michener, Gregory & Bersch, Katherine;2013;Identifying transparency;Information Polity, v. 18, n. 3, p. 233-242;DOI 10.3233/IP-130299;metadado de API — Crossref (DOI 10.3233/IP-130299) e OpenAlex (W2913565106);Único artigo "Identifying transparency" do par nas duas APIs, datado de 2013 (não 2018). Nenhum working paper de 2018 localizado na base nem em Crossref/OpenAlex. Existe capítulo de 2018 só de Michener (Troubling Transparency, Columbia UP, p. 269-290, DOI 10.7312/poze18498-015), sem Bersch.
2;Berliner, Daniel;2014;The Political Origins of Transparency;The Journal of Politics, v. 76, n. 2, p. 479-491;DOI 10.1017/S0022381613001412;metadado de API — Crossref (DOI 10.1017/S0022381613001412) e OpenAlex;Estudo comparado sobre leis de acesso à informação (FOI) em mais de 80 países. Divergência com o enunciado: não é estudo específico do México.
3;Grimmelikhuijsen, Stephan G. & Welch, Eric W.;2012;Developing and Testing a Theoretical Framework for Computer-Mediated Transparency of Local Governments;Public Administration Review, v. 72, n. 4, p. 562-571;DOI 10.1111/j.1540-6210.2011.02532.x;metadado de API — Crossref (DOI 10.1111/j.1540-6210.2011.02532.x);É o artigo de 2012 dos dois autores na PAR. O título não corresponde a "escala de transparência percebida" — divergência com o enunciado.
4;Herd, Pamela & Moynihan, Donald P.;2019;Administrative Burden: Policymaking by Other Means;New York: Russell Sage Foundation (livro);DOI 10.7758/9781610448789 / ISBN 9780871544445 (impresso) e 9781610448789 (e-book);metadado de API — Crossref (DOI 10.7758/9781610448789);Registro Crossref datado de 09/01/2019 — copyright/tiragem impressa é 2018 (resenhas de 2018-2021). Crossref traz só "Administrative Burden", e o subtítulo completo consta do próprio livro.
5;Rosanvallon, Pierre;2008;La légitimité démocratique: impartialité, réflexivité, proximité;Paris: Éditions du Seuil, 2008, 382 p. | trad. inglesa: Democratic Legitimacy: Impartiality, Reflexivity, Proximity, Princeton University Press, 2011, 235 p. (trad. Arthur Goldhammer) | trad. portuguesa: A legitimidade democrática: imparcialidade, reflexividade, proximidade, Ateliê de Humanidades Editorial, 2024, 446 p. (trad. Diogo Cunha);FR ISBN 9782020974622 / EN DOI 10.1515/9781400838745 e ISBN 9780691149486 / PT ISBN 978-65-86972-25-2;metadado de API — Crossref (DOI 10.1515/9781400838745, ed. inglesa). Edições francesa e portuguesa conferidas em fonte editorial (Cairn.info/Seuil e Ateliê de Humanidades), sem registro em Crossref/OpenAlex;As duas traduções pedidas existem e estão registradas. Ed. francesa na coleção Les Livres du nouveau monde, e ed. portuguesa na coleção Biblioteca do Pensamento Político.
6;O'Donnell, Guillermo;1998;Accountability horizontal e novas poliarquias;Lua Nova: Revista de Cultura e Política, n. 44, p. 27-54;DOI 10.1590/S0102-64451998000200003;metadado de API — Crossref (DOI 10.1590/S0102-64451998000200003);
7;Bovens, Mark;2007;Analysing and Assessing Accountability: A Conceptual Framework;European Law Journal, v. 13, n. 4, p. 447-468;DOI 10.1111/j.1468-0386.2007.00378.x;metadado de API — Crossref (DOI 10.1111/j.1468-0386.2007.00378.x);
8;Landis, J. Richard & Koch, Gary G.;1977;The Measurement of Observer Agreement for Categorical Data;Biometrics, v. 33, n. 1, p. 159-174;DOI 10.2307/2529310;metadado de API — Crossref (DOI 10.2307/2529310);Crossref e OpenAlex registram apenas a página inicial "159", e o intervalo 159-174 consta no JSTOR/scispace e no PDF do artigo.
9;Wohlin, Claes;2014;Guidelines for snowballing in systematic literature studies and a replication in software engineering;Proceedings of the 18th International Conference on Evaluation and Assessment in Software Engineering (EASE '14), p. 1-10. New York: ACM;DOI 10.1145/2601248.2601268;metadado de API — Crossref (DOI 10.1145/2601248.2601268);
10;Pinho, José Antonio Gomes de & Sacramento, Ana Rita Silva;2009;Accountability: já podemos traduzi-la para o português?;Revista de Administração Pública (RAP), v. 43, n. 6, p. 1343-1368;DOI 10.1590/S0034-76122009000600006;metadado de API — Crossref (DOI 10.1590/S0034-76122009000600006) e OpenAlex (W2053469299);Trabalho de 1990 "do mesmo Pinho" sobre accountability NÃO existe (ausente da base e de Crossref/OpenAlex). A obra seminal de 1990 sobre o tema é CAMPOS, Anna Maria, "Accountability: quando poderemos traduzi-la para o português?", RAP, v. 24, n. 2, p. 30-50, fev./abr. 1990, citada por Pinho & Sacramento (2009).
11;Peruzzotti, Enrique & Smulovitz, Catalina (org.);2006;Enforcing the Rule of Law: Social Accountability in the New Latin American Democracies;Pittsburgh, PA: University of Pittsburgh Press, 2006, xiv + 362 p. (Pitt Latin American Series) — obra organizada;sem DOI / ISBN 9780822958963 (impresso) e 9780822972884 (e-book);metadado de API — OpenAlex (W643706834, sem DOI), com ISBN conferido na página do editor (University of Pittsburgh Press / Digital Pitt);Editores (org.), não autores.
12;Brasil. Presidência da República;2012;Decreto nº 7.724, de 16 de maio de 2012 — Regulamenta a Lei nº 12.527, de 18 de novembro de 2011, que dispõe sobre o acesso a informações previsto no inciso XXXIII do caput do art. 5º, no inciso II do § 3º do art. 37 e no § 2º do art. 216 da Constituição;Brasília, DF: Presidência da República, 2012 (publicado no Diário Oficial da União de 16 de maio de 2012);não se aplica;metadado de API — OpenAlex (W2962210347, sem DOI) + conferência do texto integral na fonte oficial (Presidência da República/Planalto);Data de publicação: 16 de maio de 2012. Redação alterada pelos Decretos 8.408/2015, 9.690/2019 e 11.527/2023. Norma não presente na base local.
