n;autores;ano;titulo;veiculo;doi;fonte_api;ja_na_base;caminho_na_base;o_que_mede_ou_defende
1;Leni Lúcia Leal Nobre;2010;Análise dos julgamentos do Tribunal de Contas dos municípios do Estado do Ceará: um olhar sobre a prestação de Contas dos Sistemas Municipais de Saúde;;10.11606/t.6.2010.tde-13072010-100331;OpenAlex;nao;;
2;"Antônio Martins Junior; Marcio Braz";2010;O controle externo por meio de bases de dados;Revista do TCU;;OpenAlex;nao;;
3;Guilherme da Rocha Bezerra Costa;2010;O planejamento estratégico no Tribunal de Contas da União : análise histórica;;10.26512/2010.tcc.2883;OpenAlex;nao;;
4;Antonio Paulo da Silva;2010;Tomada de Contas Especial: Uma Medida de Exceção no Controle Administrativo;Revista Controle - Doutrina e Artigos;10.32586/rcda.v8i1.81;"Crossref; OpenAlex";nao;;
5;Davi Ferreira Gomes Barreto;2011;Avaliação de impacto do controle externo do Tribunal de Contas da União na regulação de infraestrutura;Americanae (AECID Library);;OpenAlex;nao;;
6;George Brasil Paschoal Pítsica;2011;Breves Reflexões sobre Controle Externo e Controle Social;Revista Controle - Doutrina e Artigos;10.32586/rcda.v9i2.146;OpenAlex;nao;;
7;"Jônatas Braz Machado; Daniel Barile da Silveira";2011;CONTROLE DE CONSTITUCIONALIDADE NO TRIBUNAL DE CONTAS DA UNIÃO;;;OpenAlex;nao;;
8;Gustavo Terra Elias;2011;Controle Democrático de Contas Públicas: A Importância da Sinergia entre os Tribunais de Contas e a Sociedade;Revista Controle - Doutrina e Artigos;10.32586/rcda.v9i1.99;OpenAlex;nao;;
9;Marcio André Santos Albuquerque;2011;O papel do tribunal de contas da união no controle dos serviços públicos delegados;Revista Brasileira de Políticas Públicas;10.5102/rbpp.v1i1.1236;"Crossref; OpenAlex";nao;;
10;Rodrigo Melo do Nascimento;2011;Os tribunais de contas e a execução judicial de suas decisões;;10.26512/2011.11.tcc.3148;OpenAlex;nao;;
11;Mauro Rogério Oliveira Matias;2011;Processo de Tomada de Contas Especial (TCE): Instaura-se o processo para apurar os pressupostos ou apuram-se os pressupostos para instaurar o processo?;Revista do TCU;;OpenAlex;nao;;
12;"Clayton Costa da Silva; Giovana de Albuquerque Andrade";2011;Súmulas Relacionadas ao Controle Externo;Revista Controle - Doutrina e Artigos;10.32586/rcda.v9i2.141;OpenAlex;nao;;
13;Flávio Garcia Cabral;2011;UMA ANÁLISE COMPARATIVA DA ATUAÇÃO DO TRIBUNAL DE CONTAS DA UNIÃO DE 1989 A 2010;;10.17771/pucrio.acad.19903;OpenAlex;nao;;
14;Carlos Frederico Rubino Polari de Alverga;2012;A ATUAÇÃO DOS TRÊS PODERES DA REPÚBLICA, DO TRIBUNAL DE CONTAS E DO CONTROLE SOCIAL NA FORMULAÇÃO, EXECUÇÃO E CONTROLE DA POLÍTICA FISCAL DA UNIÃO;Revista do TCU;;OpenAlex;nao;;
15;Rodrigo Melo do Nascimento;2012;A execução judicial das decisões proferidas pelos Tribunais de Contas;Revista do TCU;;OpenAlex;nao;;
16;"Evandro Martins Guerra; Denise Mariano de Paula";2012;A Função jurisdicional dos Tribunais de Contas;Revista Controle - Doutrina e Artigos;10.32586/rcda.v10i2.234;OpenAlex;nao;;
17;José Jorge;2012;Agências reguladoras e o controle dos seus atos pelo Tribunal de Contas da União;Revista de Direito Administrativo;10.12660/rda.v259.2012.8652;"Crossref; OpenAlex";nao;;
18;Monique Menezes;2012;O tribunal de contas da união, controle horizontal de agências reguladoras e impacto sobre usuários dos serviços;Revista de Sociologia e Política;10.1590/s0104-44782012000300006;"Crossref; OpenAlex";nao;;
19;Marco Antônio Carvalho Teixeira;2012;O Tribunal de Contas da União (TCU) e o controle da corrupção;;;OpenAlex;nao;;
20;"João Gustavo de Paiva Pessoa; José Alexsandre Fonseca da Silva";2012;Sistemas de controle externo - abordagem sobre o sistemas anglo-saxão e latino-americano;Revista Controle - Doutrina e Artigos;10.32586/rcda.v10i2.243;OpenAlex;nao;;
21;Miyake, Mauricio;2013;A aplicação da Lei n.º 8.666/93 aos convênios e a instauração de tomada de contas especial pelas entidades integrantes do Sistema “S”.;LA Referencia (Red Federada de Repositorios Institucionales de Publicaciones Científicas);;OpenAlex;nao;;
22;"Juliana Silva Rodrigues; Julianna Vasconcelos de Alcântara";2013;A competência dos Tribunais de Contas estaduais acerca do julgamento das contas dos prefeitos que exercem a função de ordenadores de despesa;Revista Controle - Doutrina e Artigos;10.32586/rcda.v11i1.256;OpenAlex;nao;;
23;Arlindo Carvalho Rocha;2013;A realização da accountability em pareceres prévios do Tribunal de Contas de Santa Catarina;Revista de Administração Pública;10.1590/s0034-76122013000400005;OpenAlex;nao;;
24;Valmir Campelo;2013;Controle das obras públicas: a evolução da jurisprudência do Tribunal de Contas da União;;;OpenAlex;nao;;
25;Cynthia Magalhães Pinto Godoi Quintão;2013;Tomada de contas especial : análise da efetividade do instrumento aplicada ao caso de Minas Gerais;LA Referencia (Red Federada de Repositorios Institucionales de Publicaciones Científicas);;OpenAlex;nao;;
26;Nádia Rezende Faria;2013;TRIBUNAL DE CONTAS NA CONSTITUIÇÃO DE 1988: CONTROLE SOCIAL E ACCOUNTABILITY.;LA Referencia (Red Federada de Repositorios Institucionales de Publicaciones Científicas);;OpenAlex;nao;;
27;"Cristhian Carla Bueno de Albuquerque; Antônio Gonçalves de Oliveira";2014;A accountability em pareceres prévios do tribunal de contas do Estado do Paraná: possíveis consequências para o desenvolvimento local;Revista Brasileira de Planejamento e Desenvolvimento;10.3895/rbpd.v2n2.3075;OpenAlex;nao;;
28;Ricardo Schneider Rodrigues;2014;O CONTROLE DE POLÍTICAS PÚBLICAS PELOS TRIBUNAIS DE CONTAS;Revista do Ministério Público de Contas do Estado do Paraná;;OpenAlex;nao;;
29;Gilberto Pinto Monteiro Diniz;2014;O Controle Externo dos Contratos da Administração Pública pelo Tribunal de Contas: Ensaio sobre o Momento da Fiscalização Financeira Adotado no Brasil e em Portugal;Cadernos do Programa de Pós-Graduação em Direito – PPGDir /UFRGS;10.22456/2317-8558.44574;"Crossref; OpenAlex";nao;;
30;J. R. Caldas Furtado;2014;Processo e eficácia das decisões do tribunal de contas;Revista Controle - Doutrina e Artigos;10.32586/rcda.v12i1.184;OpenAlex;nao;;
31;George Brasil Paschoal Pítsica;2014;Tribunal de Contas europeu e Tribunal de Contas da União: breves considerações acerca de semelhanças e diferenças;Revista Justiça do Direito;10.5335/rjd.v27i1.4558;OpenAlex;nao;;
32;Anna Paula Teles Barbosa;2015;A atuação do controle externo na administração pública : a prestação de contas regulamentada pelo Tribunal de Contas da União;;;OpenAlex;nao;;
33;"Diones Gomes da Rocha; Geovani Ferreira de Oliveira";2015;A Prestação de Contas ao Tribunal de Contas da União no Contexto do Open Government Partnership;Revista do TCU;;OpenAlex;nao;;
34;"Cynthia Magalhães Pinto Godoi Quintão; Ricardo Carneiro";2015;A Tomada de Contas Especial: a que se presta o Instrumento?;Revista de Administração Pública;;OpenAlex;nao;;
35;"Cynthia Magalhães Pinto Godoi Quintão; Ricardo Carneiro";2015;A tomada de contas especial como instrumento de controle e responsabilização;Revista de Administração Pública (RAP), Rio de Janeiro, v. 49, n. 2, p. 473-491, mar./abr. 2015;10.1590/0034-7612127943;"Crossref; OpenAlex";sim;tcu-tomadas-de-contas-especiais/artigos/2015_cynthia-magalh-es-pinto-godo_a-tomada-de-contas-especial-como-instrumento-de-controle-e-r.pdf;"Mede a efetividade da TCE no TCEMG (convênios 2002-2011): de 1.121 TCEs distribuídas, só 45 (4,01%) tiveram decisão até 2012; conclui que a TCE é 'um controle altamente formalista e, ao mesmo tempo, ineficaz'."
36;"Lígia Francisco de Deus; Josinavia Silva Farias";2015;ADOÇÃO DO PROCESSO ELETRÔNICO DE CONTROLE EXTERNO (E-TCU) NO TRIBUNAL DE CONTAS DA UNIÃO: A EXPERIÊNCIA DOS GESTORES ENVOLVIDOS;RAI revista de administração e inovação;10.11606/rai.v12i2.100342;"Crossref; OpenAlex";nao;;
37;Érica Apgaua de Britto;2015;Aquisição de medicamentos pela Administração Pública: judicialização e controle pelo Tribunal de Contas;Revista do Tribunal de Contas do Estado de Minas Gerais;10.18763/revistatcemg.2015.vol.33.n.1.p.31-61;OpenAlex;nao;;
38;Ives Gandra da Silva Martins;2015;NÃO-SUJEIÇÃO DA ORDEM DOS ADVOGADOS DO BRASIL AO CONTROLE DO TRIBUNAL DE CONTAS DA UNIÃO;Revista da Faculdade de Direito de São Bernardo do Campo;;OpenAlex;nao;;
39;"Márcio Roberto Piccoli; Rubiana Balestrin; Ardinete Rover";2015;O CONTROLE INTERNO MUNICIPAL SOB A ÓTICA DO CONTROLE EXTERNO;Revista de Contabilidade da UFBA;10.9771/rcufba.v9i2.11680;OpenAlex;nao;;
40;André Feliciano Lino;2015;Reforma da contabilidade pública e os tribunais de contas;;10.11606/d.96.2015.tde-06102015-163641;OpenAlex;nao;;
41;Ana Clara Oliveira da Silva;2015;Tomada de Contas Especial e a Reparação do Dano;Revista Controle - Doutrina e Artigos;10.32586/rcda.v13i1.23;"Crossref; OpenAlex";nao;;
42;Alexandre Ávila Furiati;2015;Tomada de Contas Especial – Uma Análise Retrospectiva;"Revista da CGU, Brasília, v. 7, n. 10, p. 49-66, jun./jul. 2015 (DOI não consta da ficha; recuperado da API)";10.36428/revistadacgu.v7i10.7;"Crossref; OpenAlex";sim;tcu-tomadas-de-contas-especiais/artigos/2015_alexandre-vila-furiati_tomada-de-contas-especial-uma-an-lise-retrospectiva.pdf;"Retrata 10.913 TCEs julgadas pelo TCU (2000-2012) e mostra concentração por UF (Bahia 10,33%; Acre 0,93%) e nos ministérios da Educação e da Saúde; conclui que há deficiências no controle repressivo — mede volume e origem, não o desfecho."
43;Daniel Uchôa;2015;Tribunais de contas e accountability por resultados: um estudo de caso das auditorias operacionais realizadas pelo Tribunal de Contas do Estado de Minas Gerais;Revista do Tribunal de Contas do Estado de Minas Gerais;10.18763/revistatcemg.2015.vol.33.n.2.p.66-91;Crossref;nao;;
44;Luana Mendes Martini Almeida;2015;Tribunal de Contas e Controle social – uma análise das representações com decisão, apresentadas ao Tribunal de Contas do estado de São Paulo em 2013 e 2014;Americanae (AECID Library);;OpenAlex;nao;;
45;R. Miotti Scapin;2016;A expedição de provimentos provisórios pelos tribunais de contas : das “medidas cautelares” à técnica antecipatória no controle externo brasileiro;Americanae (AECID Library);;OpenAlex;nao;;
46;"Marcelo Barros Gomes; Leonardo Rodrigues Albernaz; Arlene Costa Nascimento; Felício Ribas Torres";2016;Accountability e Transparência na Implementação da Agenda 2030: As Contribuições do Tribunal de Contas da União;Revista do TCU;;OpenAlex;nao;;
47;Ricardo Sartori Cella;2016;ACCOUNTABILITY: PROPOSIÇÕES TEÓRICAS SOBRE A TOMADA DE CONTAS ESPECIAL NO BRASIL;RAGC;;OpenAlex;nao;;
48;"José Menezes Paiva; João Victor Belém Falcão Rabelo; Fabiana Pinto de Almeida Bizarria; Marcus Vinícius de Oliveira Brasil; Mónica Mota Tassigny";2016;ANÁLISE NORMATIVA DA TRANSPARÊNCIA EM UM TRIBUNAL DE CONTAS DOS MUNICÍPIOS - (DOI - http://dx.doi.org/10.17800/2238-8893/aos.v4n2p173-188);Amazônia Organizações e Sustentabilidade;;OpenAlex;nao;;
49;Marianne Dantas Farias Vieira;2016;Apuração e reembolso do custo do processo de tomada de contas especial : estudo de caso no Fundo Nacional de Saúde;;10.26512/2016.11.d.22918;OpenAlex;nao;;
50;Luiz H. Lima;2016;Atuação do Tribunal de Contas da União no controle externo da gestão ambiental;LA Referencia (Red Federada de Repositorios Institucionales de Publicaciones Científicas);;OpenAlex;nao;;
51;João Gustavo de Paiva Pessoa;2016;Auditoria de PPP: O Controle Exercido pelo Tribunal de Contas de Portugal versus A Fiscalização Exercida pelo Tribunal de Contas da União do Brasil;Revista Controle - Doutrina e Artigos;10.32586/rcda.v14i2.333;"Crossref; OpenAlex";nao;;
52;Geraldo Leite;2016;Controle da arrecadação e aplicação da contribuição sindical pelo Tribunal de Contas da União;Biblioteca Digital (Câmara dos Deputados);;OpenAlex;nao;;
53;Monique Menezes;2016;Controle Externo na América Latina;Revista Debates;10.22456/1982-5269.61638;OpenAlex;nao;;
54;Stênio De Freitas Barretto;2016;Controle externo social funciona no Brasil? A importância da participação social no controle das contas públicas através da Lei da Transparência;Ballot;10.12957/ballot.2016.25570;OpenAlex;nao;;
55;Lincoln Augusto Santana Telhado;2016;CONTROLE INTERNO E A TOMADA DE CONTAS ESPECIAL NOS MUNICÍPIOS BRASILEIROS;Revista da CGU;10.36428/revistadacgu.v8i13.70;"Crossref; OpenAlex";nao;;
56;"José Auriço Oliveira; Erbia Freitas do Nascimento";2016;Gerenciamento de Projetos no Âmbito do Controle Externo: Estudo de Caso no Tribunal de Contas do Estado do Ceará;Revista Controle - Doutrina e Artigos;10.32586/rcda.v12i2.108;Crossref;nao;;
57;Roberto Tanzi Braguim;2016;independência dos Tribunais de Contas como instrumento do efetivo exercício do controle externo da Administração Pública;Revista Simetria do Tribunal de Contas do Município de São Paulo;10.61681/revistasimetria.v1i1.85;Crossref;nao;;
58;Débora de Assis Pacheco Andrade;2016;Limites do controle do Tribunal de Contas da União sobre contratações públicas;;;OpenAlex;nao;;
59;Luis Alberto Hungaro;2016;O Controle de Constitucionalide Exercido pelo Tribunal de Contas da União e a Teoria do Constitucionalismo Popular;Revista Brasileira de Filosofia do Direito;10.26668/indexlawjournals/2526-012x/2016.v2i1.1715;OpenAlex;nao;;
60;"Frederico Yokota Choucair Gomes; Paulo Roberto Lassi de Oliveira";2016;O Tribunal de Contas da União e a Responsabilidade dos Conselheiros de Administração de Empresas Estatais;Revista de Direito Administrativo e Gestão Pública;10.26668/indexlawjournals/2526-0073/2016.v2i1.640;OpenAlex;nao;;
61;Pedro Henrique Magalhães Azevedo;2016;Participação popular e controle externo: análise quantitativa das denúncias formuladas e apreciadas pelo Tribunal de Contas do Estado de Minas Gerais no período de 2009 a 2014;Revista do Tribunal de Contas do Estado de Minas Gerais;10.18763/revistatcemg.2015.vol.33.n.3.p.73-88;Crossref;nao;;
62;Brandão, Guilherme;2017;A quem prestam contas os tribunais de contas? : transparência, politização e governismo na accountability;;10.26512/2017.03.d.24214;OpenAlex;nao;;
63;Natália Sanches Taffarel;2017;Accountability e controle social : um estudo sobre a ouvidoria do Tribunal de Contas do Estado do Rio Grande do Sul;Americanae (AECID Library);;OpenAlex;nao;;
64;André Rosilho;2017;Controle da administração pública pelo Tribunal de Contas da União;;10.11606/t.2.2017.tde-08022017-165131;OpenAlex;sim;tcu-tomadas-de-contas-especiais/artigos/2017_andr-rosilho_controle-da-administra-o-p-blica-pelo-tribunal-de-contas-da.pdf;
65;Luciano Caparroz Pereira dos Santos;2017;Controle externo e cidadania;Revista Simetria do Tribunal de Contas do Município de São Paulo;10.61681/revistasimetria.v1i2.77;Crossref;nao;;
66;"MARCIO CEDENILLA DOS SANTOS; MARIA CLÁUDIA SANTOS DA CRUZ";2017;GOVERNO ELETRÔNICO E TRANSPARÊNCIA: DESDOBRAMENTOS SOBRE PUBLICIDADE E CONTROLE EXTERNO DAS CONTAS PÚBLICAS MUNICIPAIS;Revista Uningá;10.46311/2318-0579.52.euj1399;OpenAlex;nao;;
67;Carlos Alberto Tanaka;2017;O controle externo na aplicação de royalties do petróleo em municípios brasileiros;Americanae (AECID Library);;OpenAlex;nao;;
68;Thiago Pereira Figueirêdo;2017;O controle judicial das decisões do Tribunal de Contas da União;;10.26512/2017.09.d.31391;OpenAlex;nao;;
69;"André de Castro O. P. Braga; Felipe Buchbinder";2017;O Tribunal de Contas da União inibe inovações em concessões públicas? (Does the Tribunal de Contas da União prevent innovation in federal government concessions?);;10.2139/ssrn.2927289;Crossref;nao;;
70;Danilo Valdir Vieira Rossi;2017;O Tribunal de Contas e a qualidade da democracia: um comparativo entre modelos institucionais;;10.11606/t.2.2017.tde-05032021-151042;OpenAlex;nao;;
71;Ricardo Schneider Rodrigues;2017;OS TRIBUNAIS DE CONTAS E A REGRA DO CONCURSO PÚBLICO: OS INSTRUMENTOS PARA A ATUAÇÃO DO CONTROLE EXTERNO;Revista do Ministério Público de Contas do Estado do Paraná;;OpenAlex;nao;;
72;Terezinha Aparecida de Jesus;2017;Tomada de contas especial: mecanismo de combate ao dano causado ao erário;LA Referencia (Red Federada de Repositorios Institucionales de Publicaciones Científicas);;OpenAlex;nao;;
73;Caio Filipe Costa Barros;2017;Tomada de contas especial : um estudo à luz das normas do Tribunal de Contas do Distrito Federal;;;OpenAlex;nao;;
74;"Renata Constante Cestari; César Augusto Martins Carnaúba; Marcello de Oliveira Gulim; Alexandre Manir Figueiredo Sarquis";2017;Tomada de Contas Especial: um importante mecanismo de controle no âmbito dos Tribunais de Contas;"Revista da Faculdade de Direito da USP (veículo não confirmado na ficha; periódico jurídico, p. 589-600)";10.11606/issn.2318-8235.v111i0p587-613;"Crossref; OpenAlex";sim;tcu-tomadas-de-contas-especiais/artigos/2017_renata-constante-cestari-c-s_tomada-de-contas-especial-um-importante-mecanismo-de-control.pdf;Defende dogmaticamente que a TCE é forma 'eficiente e célere' de apuração de irregularidades, sem apresentar nenhum dado de tempo ou resultado — contraponto normativo à evidência empírica de intempestividade.
75;Valdecir Pascoal;2017;Tribunais de Contas de frente para o futuro;Revista Simetria do Tribunal de Contas do Município de São Paulo;10.61681/revistasimetria.v1i2.75;Crossref;nao;;
76;Domingos Dissei;2017;Tribunais de Contas e as tecnologias emergentes;Revista Simetria do Tribunal de Contas do Município de São Paulo;10.61681/revistasimetria.v1i3.63;Crossref;nao;;
77;Nara Carolina Merlotto;2018;A atuação do Tribunal de Contas da União sobre as agências reguladoras: entre a independência e o controle;;10.11606/d.2.2018.tde-25092020-144220;OpenAlex;nao;;
78;"Tiago Cappi Janini; Mário Augusto Quinteiro Celegatto";2018;A atuação do Tribunal de Contas na implementação de políticas públicas;Jurispoiesis/Juris Poiesis;10.5935/2448-0517.20180030;OpenAlex;nao;;
79;"Gustavo Cezar Vieira; Willyam Guilherme Sandri";2018;A CONTROVÉRSIA DA JURISPRUDÊNCIA ACERCA DA COMPETÊNCIA DO TRIBUNAL DE CONTAS DA UNIÃO PARA DECRETAR A INDISPONIBILIDADE DOS BENS DE PARTICULARES POR PREJUÍZO CAUSADO AO ERÁRIO;;;OpenAlex;nao;;
80;Jheffersom Donner da Silva;2018;A Importância do controle externo, exercido pelo tribunal de contas e a prestação de contas à sociedade.;;10.29327/155353.23-1;"Crossref; OpenAlex";nao;;
81;"José Paulo Guedes Brito; Linara Oeiras Assunção";2018;A INCONSTITUCIONALIDADE DA PUBLICIDADE RESTRITA DOS PROCESSOS NO TRIBUNAL DE CONTAS DA UNIÃO;REI - REVISTA ESTUDOS INSTITUCIONAIS;10.21783/rei.v4i2.231;OpenAlex;sim;tcu-tomadas-de-contas-especiais/artigos/2018_jos-paulo-guedes-brito-linar_a-inconstitucionalidade-da-publicidade-restrita-dos-processo.pdf;
82;Francisco Sérgio Maia Alves;2018;ANÁLISE DA JURIDICIDADE DO CONTROLE DOS ACORDOS DE LENIÊNCIA DA LEI ANTICORRUPÇÃO EMPRESARIAL PELO TRIBUNAL DE CONTAS DA UNIÃO;Revista da AGU;10.25109/2525-328x.v.17.n.2.2018.1080;"Crossref; OpenAlex";nao;;
83;"Flávia de Araújo e Silva; Poueri do Carmo Mário";2018;Análise do Programa de Modernização do Controle Externo Brasileiro – o Promoex nos Tribunais de Contas;Sociedade Contabilidade e Gestão;10.21446/scg_ufrj.v13i2.13852;OpenAlex;nao;;
84;Taís Vasconcelos Coimbra;2018;Controle externo da gestão ambiental: a importância da atuação do Tribunal de Contas da União na proteção ao meio ambiente;Americanae (AECID Library);;OpenAlex;nao;;
85;Fábio Túlio Filgueiras Nogueira;2018;Controle Externo no Estado Democrático de Direito;Revista Simetria do Tribunal de Contas do Município de São Paulo;10.61681/revistasimetria.v1i4.50;"Crossref; OpenAlex";nao;;
86;Rafael Neubern Demarchi Costa;2018;CONTROLE FORMAL X CONTROLE POR RESULTADOS NO ÂMBITO DOS TRIBUNAIS DE CONTAS;Cadernos;;OpenAlex;nao;;
87;"Poline Cristine Aragão de Araújo Sousa; Karla Marques Pamplona";2018;O controle externo sobre as contas do prefeito e a responsabilidade decorrente como gestor público e ordenador de despesas;Revista Tributária e de Finanças Públicas;;OpenAlex;nao;;
88;"Doris de Miranda Coutinho; Aline Sueli de Salles Santos";2018;O papel do Tribunal de Contas frente à accountability;A&C - Revista de Direito Administrativoe & Constitucional;10.21056/aec.v18i72.882;OpenAlex;nao;;
89;"Flávio Garcia Cabral; Dafne Reichel Cabral";2018;O Tribunal de Contas da União (TCU) e seu papel para uma accountability horizontal efetiva;RDAI | Revista de Direito Administrativo e Infraestrutura;10.48143/rdai/06.fgc;OpenAlex;nao;;
90;"Fábio Lins de Lessa Carvalho; Ricardo Schneider Rodrigues";2018;O tribunal de contas no Brasil e seus congêneres europeus: um estudo comparativo;A&C - Revista de Direito Administrativoe & Constitucional;10.21056/aec.v18i71.844;OpenAlex;nao;;
91;Talita Zanandrea;2018;Tribunal de Contas e interesse social;Portuguese National Funding Agency for Science, Research and Technology (RCAAP Project by FCT);;OpenAlex;nao;;
92;Theresa Christine de Albuquerque Nóbrega;2019;A REGULAÇÃO DA SAÚDE NO BRASIL: o controle externo do Tribunal de Contas da União nas unidades do SUS geridas por instituições privadas.;REVISTA DA AGU;10.25109/2525-328x.v.19.n.01.2020.2479;"Crossref; OpenAlex (citações)";sim;tcu-tomadas-de-contas-especiais/artigos/2019_theresa-c-albuquerque-n-breg_a-regula-o-da-sa-de-no-brasil-o-controle-externo-do-tribunal.pdf;
93;Wellington Soares da Costa;2019;APONTAMENTOS ACERCA DA TOMADA DE CONTAS ESPECIAL;Revista da FAE;;OpenAlex;nao;;
94;Rosana Laura de Castro Farias Ramires;2019;Direito do controle externo, direitos humanos e o direito constitucional internacional;;;OpenAlex;nao;;
95;"Lorena Lucena Furtado; Josiane Gattis Corrêa Giacomelli; Vicente Pacheco";2019;Evidências de irregularidades em OSCIPS: uma análise dos exames de auditoria realizados pelo Tribunal de Contas da União;Revista Catarinense da Ciência Contábil;10.16930/2237-766220192673;OpenAlex;nao;;
96;Ana Carolina Salomão Queiroz;2019;Gastos tributários indiretos e o controle externo exercido pelo Tribunal de Contas da União: um estudo sobre a importância do controle de seus resultados;;10.11606/d.2.2019.tde-02072020-150507;OpenAlex;nao;;
97;Maria Alice Pinheiro Nogueira Gomes;2019;Judicialização do controle externo: limite à atuação do Poder Judiciário sobre os atos do Tribunal de Contas;Revista Controle - Doutrina e Artigos;10.32586/rcda.v17i2.551;Crossref;nao;;
98;Gilberto Mendes Calasans Gomes;2019;LIMITES AO CONTROLE DAS AGÊNCIAS REGULADORAS PELO TRIBUNAL DE CONTAS DA UNIÃO CASOS SELECIONADOS EM 2018;DOAJ (DOAJ: Directory of Open Access Journals);;OpenAlex;nao;;
99;Marília de Oliveira Bassi;2019;Limites da atuação do tribunal de contas da união no controle da administração pública;;;OpenAlex;nao;;
100;Renata Brindaroli Zelinski;2019;O termo de ajustamento de gestão e o controle externo: a novel experiência no âmbito do tribunal de contas do estado do Paraná;Revista Controle - Doutrina e Artigos;10.32586/rcda.v17i1.473;Crossref;nao;;
101;Carlos Richelle Soares da Silva;2019;Os Tribunais de Contas dos Entes Subnacionais e o Controle Externo do Endividamento Público;Editora Blucher eBooks;10.5151/9788580393897-26;OpenAlex;nao;;
102;Eduardo Tuma;2019;Papel da Câmara Municipal no Exercício do Controle Externo;Revista Simetria do Tribunal de Contas do Município de São Paulo;10.61681/revistasimetria.v1i5.41;Crossref;nao;;
103;"Jeremias Pereira da Silva Arraes; Lucas Oliveira Gomes Ferreira; Oswaldo Paulo Moreno dos Reis";2019;Tomada de contas especial e cobrança executiva no âmbito do Tribunal de Contas da União 2013-2017;Revista Controle - Doutrina e Artigos;10.32586/rcda.v17i1.489;"Crossref; OpenAlex";nao;;
104;Joao Gabriel Miranda Alves Pereira;2020;A aplicação da teoria de governança corporativa para o Estado brasileiro à luz do controle externo e do sistema de controle interno previstos na Constituição da República Federativa do Brasil de 1988;LA Referencia (Red Federada de Repositorios Institucionales de Publicaciones Científicas);;OpenAlex;nao;;
105;"Juliana Cristina Luvizotto; Gilson Piqueras Garcia";2020;A jurimetria e sua aplicação nos tribunais de contas: análise de estudo sobre o Tribunal de Contas da União (TCU);Revista Controle - Doutrina e Artigos;10.32586/rcda.v18i1.585;Crossref;nao;;
106;Antonio Blecaute Costa Barbosa;2020;A Legitimidade do Gasto Governamental no Brasil: As Condições de Possibilidade do Controle Externo pelo Tribunal de Contas da União após a Constituição Federal de 1988;;10.5151/9786555500394;Crossref;nao;;
107;"Guilherme Aparecido da Silva Maia; Diego Schlosser de Sá Teles";2020;A relevância dos tribunais de contas no auxílio do controle externo frente à ineficiência da administração pública;Cadernos de Direito;10.15600/2238-1228/cd.v20n37p23-42;OpenAlex;nao;;
108;"Gustavo Andrey de Almeida Lopes Fernandes; Marco Antônio Carvalho Teixeira";2020;Accountability ou Prestação de Contas, CGU ou Tribunais de Contas: o exame de diferentes visões sobre a atuação dos órgãos de controle nos municípios brasileiros.;BASE - Revista de Administração e Contabilidade da Unisinos;10.4013/base.2020.173.04;OpenAlex;nao;;
109;"Flávia de Oliveira Ribeiro; Jonatas Dutra Sallaberry; Edicreia Andrade dos Santos; Gabriela de Oliveira Domingos Tavares";2020;Ações dos Tribunais de Contas no enfrentamento dos efeitos do coronavírus;Revista de Administração Pública;10.1590/0034-761220200244;OpenAlex (citações);sim;tcu-tomadas-de-contas-especiais/artigos/2020_fl-via-de-oliveira-ribeiro-j_a-es-dos-tribunais-de-contas-no-enfrentamento-dos-efeitos-do.pdf;
110;André Feliciano Lino;2020;As lógicas conflitantes no Tribunal de Contas e o enfraquecimento de sua relevância social;;10.11606/t.96.2020.tde-22112019-162646;OpenAlex;nao;;
111;"Vanessa Silva de Sales; Diego de Queiroz Machado; Elaine Freitas de Sousa; Juliana Vieira Corrêa Carneiro";2020;Atuação do tribunal de contas no controle externo da gestão pública: um estudo de caso no extinto TCM-CE;Perspectivas em Políticas Públicas;;OpenAlex;nao;;
112;Donato Volkers Moutinho;2020;Contas dos Governantes: Apreciação das Contas dos Chefes de Poder Executivo pelos Tribunais de Contas do Brasil;;10.5151/9786555500189;Crossref;nao;;
113;Conrado Valentini Tristão;2020;Controle do Tribunal de Contas da União pelo Supremo Tribunal Federal: uma análise a partir dos julgamentos de mandados de segurança;LA Referencia (Red Federada de Repositorios Institucionales de Publicaciones Científicas);;OpenAlex;nao;;
114;"Lucas Candeia Martins; Jeronymo José Libonati; L. C. M. Miranda; Maurício Assuero Lima de Freitas";2020;Controle Externo das Contas Públicas: A Influência Política no Julgamento das Contas dos Prefeitos do Estado de Pernambuco;Sociedade Contabilidade e Gestão;10.21446/scg_ufrj.v0i0.27792;OpenAlex;sim;tcu-tomadas-de-contas-especiais/artigos/2020_lucas-candeia-martins-jerony_controle-externo-das-contas-p-blicas-a-influ-ncia-pol-tica-n.pdf;
115;Gilson Piqueras Garcia;2020;Controle Social, Tribunais de Contas e Jurimetria:: um estudo sobre as denúncias apresentadas ao Tribunal de Contas da União;Controle Externo - Revista do Tribunal de Contas do Estado de Goiás;;OpenAlex;nao;;
116;Sérgio Ramos Filho;2020;DESCONTO COMPULSÓRIO EM FOLHA DE PAGAMENTO: UMA ALTERNATIVA PARA INCREMENTAR A EFETIVIDADE DAS DECISÕES CONDENATÓRIAS DOS TRIBUNAIS DE CONTAS;Revista do Ministério Público de Contas do Estado do Paraná;;OpenAlex;nao;;
117;"Floriano de Azevedo Marques Neto; Juliana Bonacorsi de Palma";2020;Diálogos fora de esquadro: o controle das Agências Reguladoras pelo Tribunal de Contas da União;Revista Brasileira de Estudos Políticos;10.9732/p.0034-7191.2020v120p203;"OpenAlex; OpenAlex (citações)";nao;;
118;Érico Xavier Desterro e Silva;2020;O controle da eficiência administrativa pelo Tribunal de Contas;;10.11606/d.2.2020.tde-01052021-201729;OpenAlex;nao;;
119;Antonio Blecaute Costa Barbosa;2020;O Lugar do Controle de Legitimidade no Quadro das Competências do Tribunal de Contas da União: A Viabilidade Formal;Editora Blucher eBooks;10.5151/9786555500394-08;"Crossref; OpenAlex";nao;;
120;Antonio Blecaute Costa Barbosa;2020;O Que Faz o Tribunal de Contas da União em Matéria de Controle de Legitimidade do Gasto Público: A Exposição das Evidências;Editora Blucher eBooks;10.5151/9786555500394-09;"Crossref; OpenAlex";nao;;
121;"Wesley de Almeida Mendes; Lucas de Paula Rocha; Marco Aurélio Marques Ferreira; Evandro Rodrigues de Faria";2020;Papel do Tribunal de Contas no controle financeiro municipal;Revista Contemporânea de Contabilidade;10.5007/2175-8069.2020v17n42p103;OpenAlex;nao;;
122;"André Feliciano Lino; André Carlos Busanelli de Aquino";2020;Práticas não adequadas nos tribunais de contas;Revista de Administração Pública;10.1590/0034-761220190270;OpenAlex;sim;05-pesquisa/artigos/fichamento/2026-09-29_ficha_2020_lino_praticas-nao-adequadas-tcs.md;
123;Gilson Piqueras Garcia;2020;Saúde, Tribunais de Contas e Jurimetria;Cadernos;;OpenAlex;nao;;
124;Gilson Piqueras Garcia;2020;Situações de emergência, controle social, tribunais de contas e jurimetria: Um estudo das decisões sobre denúncias e representações apresentadas ao Tribunal de Contas da União;Revista da CGU;10.36428/revistadacgu.v12i22.347;Crossref;nao;;
125;Benigno Núñez Novo;2020;Tomada de Contas Especial (TCE);LA Referencia (Red Federada de Repositorios Institucionales de Publicaciones Científicas);;OpenAlex;nao;;
126;Luisa Doria de Oliveira Franco;2020;TRIBUNAL DE CONTAS DA UNIÃO E SUPREMO TRIBUNAL FEDERAL: UMA ANÁLISE DO CONTROLE DE CONSTITUCIONALIDADE;Revista do Ministério Público de Contas do Estado do Paraná;;OpenAlex;nao;;
127;"Sérgio Guerra; Ivar A. Hartmann";2020;Tribunal de Contas da União: uma análise quantitativa;A&C - Revista de Direito Administrativoe & Constitucional;10.21056/aec.v20i80.1286;OpenAlex;sim;tcu-tomadas-de-contas-especiais/artigos/2020_s-rgio-guerra-ivar-a-hartman_tribunal-de-contas-da-uni-o-uma-an-lise-quantitativa.pdf;
128;Marcus Vinícius Passos Rosa;2021;A dinâmica do controle de contas de governo: : o dever de análise pelo Tribunal de Contas;Revista do Ministério Público de Contas do Estado do Paraná;;OpenAlex;nao;;
129;Bernardo Abreu de Medeiros;2021;A “explosão de auditoria” e o Tribunal de Contas da União;Desenvolvimento em Debate;10.51861/ded.dmvu.9.3.001;"Crossref; OpenAlex";nao;;
130;"Ana Karina Koda Ogata; Luis Hernan Contreras Pinochet; Marina Faraco Lacerda Gama; Ana Carolina Corrêa da Costa Leister";2021;ASSIMETRIAS NO CONTEÚDO INFORMACIONAL DAS SÚMULAS DOS TRIBUNAIS DE CONTAS BRASILEIROS E SEUS IMPACTOS NO PRINCÍPIO DA ISONOMIA;Revista Direito GV;10.1590/2317-6172202113;OpenAlex (citações);nao;;
131;Gilson Piqueras Garcia;2021;Corrupção e jurimetria: um estudo sobre o Estado do Ceará baseado em julgados do Tribunal de Contas da União;Revista Controle - Doutrina e Artigos;10.32586/rcda.v20i1.732;Crossref;nao;;
132;Georgia Valverde Leao Romeiro;2021;Desenvolvimento institucional no controle externo: a interpretação normativa e o poder do Tribunal de Contas da União;LA Referencia (Red Federada de Repositorios Institucionales de Publicaciones Científicas);;OpenAlex;nao;;
133;"Gilson Piqueras Garcia; Clara Bonfim Carvalho Lima; Eliezer Galdino da Mota; Karoline Dias Sales de Paula; Wilson de Souza";2021;Jurimetria e o Tribunal de Contas do Município de São Paulo;Revista Simetria do Tribunal de Contas do Município de São Paulo;10.61681/revistasimetria.v1i7.12;OpenAlex;nao;;
134;Flávio Garcia Cabral;2021;O ativismo de contas do Tribunal de Contas da União (TCU);RDAI | Revista de Direito Administrativo e Infraestrutura;10.48143/rdai.16.fgc;OpenAlex (citações);sim;tcu-tomadas-de-contas-especiais/artigos/2021_fl-vio-garcia-cabral_o-ativismo-de-contas-do-tribunal-de-contas-da-uni-o-tcu.pdf;
135;Guilherme Afonso Dourado;2021;O controle da função normativa das agências reguladoras pelo Tribunal de Contas da União;;10.11606/d.2.2021.tde-13072022-091157;OpenAlex;nao;;
136;"Vinicius Garcia; Carlos Araújo Leonetti";2021;O controle e a avaliação pelo Tribunal de Contas da União das políticas públicas implementadas por desonerações tributárias no Brasil;Revista Brasileira de Políticas Públicas;10.5102/rbpp.v11i1.6748;OpenAlex;nao;;
137;João Vieira Barros;2021;O instituto da prescrição na tomada de contas especial;Americanae (AECID Library);;OpenAlex;nao;;
138;"Juliana Cristina Luvizotto; Gilson Piqueras Garcia";2021;O plano de concessões do Município de São Paulo e o controle do Tribunal de Contas e do Poder Judiciário.;Cadernos;;OpenAlex;nao;;
139;"Rodrigo Ematne Gadben; Paulo Roberto Miguez";2021;O RECONHECIMENTO DAS DECISÕES DOS TRIBUNAIS DE CONTAS EM AÇÕES DE RESPONSABILIZAÇÃO;Teorias do Direito e Realismo Jurídico;10.26668/indexlawjournals/2525-9601/2021.v7i1.7838;OpenAlex (citações);nao;;
140;"Adriana Maria Gomes Nascimento Leite; Hélder Freire Pacheco";2021;Organizações sociais de saúde e o controle externo:  uma análise a partir do Tribunal de Contas de Pernambuco;Novos modelos de gestão no SUS e as relações interinstitucionais de controle em foco;10.51359/978-65-5962-003-6.3;Crossref;nao;;
141;Fernando Souza Abreu Júnior;2021;Prescritibilidade das ações de ressarcimento ao erário fundadas em decisões dos Tribunais de Contas: uma análise jurídica;Revista Controle - Doutrina e Artigos;10.32586/rcda.v19i1.651;OpenAlex;nao;;
142;"Gabriel Henrique Espiridião Garcia Bach; Jacqueline Comune Dal Klippel; Fernanda Alves Andrade Guarido";2021;PRESTAÇÃO DE CONTAS DAS ORGANIZAÇÕES DA SOCIEDADE CIVIL EM PARCERIAS COM A ADMINISTRAÇÃO PÚBLICA: LEGITIMIDADE NA PERCEPÇÃO DO TRIBUNAL DE CONTAS DA UNIÃO E DA DOUTRINA;Anais Simpósio de Pesquisa e Seminário de Iniciação Científica;;OpenAlex;nao;;
143;Gilson Piqueras Garcia;2021;Tribunais de Contas e Jurimetria: Contas rejeitadas e seus possíveis reflexos eleitorais;Revista do TCU;;OpenAlex;nao;;
144;"Flávio Garcia Cabral; Leandro Sarai; Cristiane Rodrigues Iwakura";2021;Tribunal de Contas da União (TCU) e as Agências Reguladoras;Revista da CGU;10.36428/revistadacgu.v13i24.450;OpenAlex;nao;;
145;"Paulo Roberto dos Santos Corval; Leonardo Oliveira Tognoc";2022;A CONDIÇÃO FINANCEIRA DE EFICÁCIA DA LEI E O SEU CONTROLE PELO TRIBUNAL DE CONTAS DA UNIÃO;Revista Opinião Jurídica (Fortaleza);10.12662/2447-6641oj.v20i33.p1-30.2022;"Crossref; OpenAlex";nao;;
146;"Samuel Leite Castelo; Aline Duarte Moraes Castelo";2022;A governança do Tribunal de Contas do Estado do Ceará à luz do referencial básico do Tribunal de Contas da União;Revista Controle - Doutrina e Artigos;10.32586/rcda.v21i1.797;"Crossref; OpenAlex";nao;;
147;Carlos Diniz Galindo;2022;A IMPORTÂNCIA DA TOMADA DE CONTAS ESPECIAL PARA A ADMINISTRAÇÃO PÚBLICA;Multidebates;;OpenAlex;nao;;
148;"Oscar Carlos das Neves Lebre; Ewerton R. Andrade; Márcio Rodrigues Miranda";2022;A Tecnologia Blockchain nos Tribunais de Contas do Brasil;Cadernos de Prospecção;10.9771/cp.v15i4.49749;OpenAlex;nao;;
149;Rosano Pierre Maieto;2022;Administração Pública dialógica e Tribunais de Contas: novas perspectivas do controle externo prospectivo;Revista Simetria do Tribunal de Contas do Município de São Paulo;10.61681/revistasimetria.v1i8.102;Crossref;nao;;
150;Adelino da Costa Martins;2022;Contar e (não) prestar contas: contabilidade pública, contas públicas e controle externo na República (1889-1937);;10.11606/t.8.2022.tde-29092022-164308;OpenAlex;nao;;
151;"Fernanda Camila De Carli; Fabiano Maury Raupp";2022;Contribuições das denúncias e representações autuadas em 2020 para o controle externo realizado pelo Tribunal de Contas do estado de Santa Catarina;Revista da CGU;10.36428/revistadacgu.v14i26.579;Crossref;nao;;
152;Lyndon Jhonson Soares dos SANTOS;2022;Fatores determinantes que influenciam a probabilidade de rejeição das contas de governo julgadas pelo Tribunal de Contas de Pernambuco;LA Referencia (Red Federada de Repositorios Institucionales de Publicaciones Científicas);;OpenAlex;nao;;
153;Bibiana Helena Freitas Camargo;2022;Inelegibilidade por rejeição de contas: tribunais de contas e implicações no âmbito eleitoral;;10.11606/d.2.2022.tde-04042023-154345;OpenAlex;nao;;
154;Leandro Maciel do Nascimento;2022;Modelos de Controle Externo: Tribunais de Contas, Controladorias-Gerais e Auditorias Colegiadas;Editora Blucher eBooks;10.5151/9786555502299-06;"Crossref; OpenAlex";nao;;
155;Gabriela Linhares Matias de Carvalho;2022;O controle dos contratos administrativos pelo Tribunal de Contas da União;LA Referencia (Red Federada de Repositorios Institucionales de Publicaciones Científicas);;OpenAlex;nao;;
156;"Júlio César Falcão Lima; Daniele de Jesus da Silva; Carla Lima Gonçalves";2022;O controle externo na administração pública;Revista Científica Multidisciplinar Núcleo do Conhecimento;10.32749/nucleodoconhecimento.com.br/administracao/o-controle-externo;OpenAlex (citações);nao;;
157;Lucia Helena Santana Ferreira;2022;O papel do Tribunal de Contas da União quanto ao controle externo à atuação da Agência Nacional de Mineração;;10.47328/ufvbbt.2022.393;OpenAlex;nao;;
158;Gabriel Ferreira da Fonseca;2022;PANDEMIA, DESAFIOS À GESTÃO PÚBLICA E CONTROLE EXTERNO: REFLEXOS DO ART. 22, CAPUT, DA LINDB NA ATIVIDADE DECISÓRIA DO TRIBUNAL DE CONTAS DA UNIÃO - DOI: 10.12818/P.0304-2340.2022v80p135;Revista da Faculdade de Direito da UFMG;10.12818/p.0304-2340.2022v80p135;"Crossref; OpenAlex";nao;;
159;"Andreia Firmiano da Silva; Carlos André Araújo de Macedo; Maria de Nazareth Oliveira Maciel";2022;PRESTAÇÃO DE CONTAS DOS PREFEITOS AO TRIBUNAL DE CONTAS DOS MUNICIPIOS DO ESTADO DO PARÁ;Revista Paraense de Contabilidade;10.36562/rpa.v4i1.38;OpenAlex;nao;;
160;"Eduardo Tuma; João Antonio Da Silva Filho; Filippe Soares Lizardo";2022;Tribunais de Contas do Brasil: democracia e o controle externo da administração pública;Revista Controle - Doutrina e Artigos;10.32586/rcda.v20i2.769;Crossref;nao;;
161;Matelson Nunes do Nascimento;2022;Tribunal de Contas do Estado e as contas públicas da Paraíba de 2017 a 2020.;;10.52446/cursogestaopublicacdsa.2022.tccartigo.nascimento;OpenAlex;nao;;
162;Túlio César Pereira Machado-Martins;2022;Trilhos e rumos: análise da lógica político-institucional do Tribunal de Contas da União no controle das concessões ferroviárias;LA Referencia (Red Federada de Repositorios Institucionales de Publicaciones Científicas);;OpenAlex;nao;;
163;R. N. SILVA;2023;A ATUAÇÃO DO TRIBUNAL DE CONTAS DA UNIÃO NO CONTROLE DA INFRAESTRUTURA;Dialética eBooks;10.48021/978-65-252-8554-2-c4;"Crossref; OpenAlex";nao;;
164;Jeanine Lykawka Medeiros;2023;A ATUAÇÃO DO TRIBUNAL DE CONTAS E AS POLÍTICAS PÚBLICAS DE SAÚDE;Caderno Virtual;;OpenAlex;nao;;
165;Wellington Soares da Costa;2023;A DECADÊNCIA PREVISTA NO ARTIGO 103-A DA LEI Nº 8.213/1991 E O SEU REFLEXO NA TOMADA DE CONTAS ESPECIAL;Revista da Faculdade de Direito de São Bernardo do Campo;;OpenAlex;nao;;
166;"Letícia Silva; Roberto Sérgio do Nascimento; Edson da Silva França; Ricardo Viotto";2023;A difícil construção da accountability pública perante os tribunais de contas brasileiros;REVISTA AMBIENTE CONTÁBIL - Universidade Federal do Rio Grande do Norte;10.21680/2176-9036.2023v15n1id28486;OpenAlex (citações);nao;;
167;"Betieli da Rosa Sauzem Machado; Ricardo Hermany";2023;A governança multinível e o controle externo em políticas públicas de saúde no âmbito local: a possibilidade indutora dos pareceres do Tribunal de Contas;Revista Brasileira de Políticas Públicas;10.5102/rbpp.v12i3.8009;OpenAlex;nao;;
168;Hendrick Pinheiro;2023;ALCANCE SUBJETIVO DO TRIBUNAL DE CONTAS DA UNIÃO NO CONTROLE DE INCENTIVOS TRIBUTÁRIOS;Revista da Faculdade de Direito da UFMG;10.12818/p.0304-2340.2023v82p139;"Crossref; OpenAlex";nao;;
169;"João Paulo Macedo; Vanice Regina Lírio do Valle";2023;ALERTA NA DINÂMICA DO CONTROLE EXTERNO: PERFIL DE UTILIZAÇÃO A PARTIR DA EXPERIÊNCIA DO TRIBUNAL DE CONTAS DO ESTADO DO TOCANTINS.;;10.29327/1344839.1-3;OpenAlex;nao;;
170;A. L. M. GONÇALVES;2023;Aspectos centrais de controle externo na visão do Tribunal de Contas do Estado do Tocantins;;10.48021/978-65-252-7062-3;Crossref;nao;;
171;José Odimar de Caldas BRANDÃO FILHO;2023;Auditoria cultural: políticas municipais de patrimônio cultural sob controle externo atuação do Tribunal de Contas de Pernambuco (2003-2021);LA Referencia (Red Federada de Repositorios Institucionales de Publicaciones Científicas);;OpenAlex;nao;;
172;"José Ricardo Paniagua Justino; Luisa Meinberg Cheade; Henri Philippe Rocha Forti";2023;Auditoria financeira como catalisadora do processo de controle externo dos tribunais de contas brasileiros;Revista Simetria do Tribunal de Contas do Município de São Paulo;10.61681/revistasimetria.v1i12.181;"Crossref; OpenAlex";nao;;
173;Weder de Oliveira;2023;Contribuição do controle externo para o aprimoramento de política pública: o caso da compensação ambiental e a atuação do Tribunal de Contas da União;RDAI | Revista de Direito Administrativo e Infraestrutura;10.48143/rdai.26.oliveira;OpenAlex;nao;;
174;Odilon Cavallari de Oliveira;2023;Direito do controle externo sancionador: pressupostos da responsabilização nos tribunais de contas, considerada a sua autonomia constitucional;CEUB (University Center of Brasília);;OpenAlex;nao;;
175;Wellington Soares da Costa;2023;ERRO GROSSEIRO (CULPA GRAVE) NA TOMADA DE CONTAS ESPECIAL;LA Referencia (Red Federada de Repositorios Institucionales de Publicaciones Científicas);;OpenAlex;nao;;
176;Nelma Baldin;2023;Estado, democracia e controle das contas públicas: os encargos do Tribunal de Contas de Santa Catarina;Revista do Tribunal de Contas do Estado de Santa Catarina;10.52028/tce-sc.v01.i01.art01.sp;Crossref;nao;;
177;Kássio Inácio Monteiro de Moraes;2023;Exame da apreciação das contas de governos municipais pelo Tribunal de Contas do estado do Tocantins;LA Referencia (Red Federada de Repositorios Institucionales de Publicaciones Científicas);;OpenAlex;nao;;
178;Mário Luiz Neves de Azevedo;2023;Governança algorítmica e o duplo papel do Tribunal de Contas da União: controle e regulação da educação em tempos de plataforma e sociedade métrica;Em Aberto;10.24109/2176-6673.emaberto.36i116.5500;OpenAlex;nao;;
179;"Abner da Silva Jaques; Bruno Valverde Chahaira; Flávio Garcia Cabral";2023;Indicação de membros conselheiros para o Tribunal de Contas pelo chefe do poder executivo: natureza jurídica e delimitação ao âmbito de abrangência da prática de nepotismo;RDAI | Revista de Direito Administrativo e Infraestrutura;10.48143/rdai.25.jaques;OpenAlex (citações);nao;;
180;"André Rosilho; Camila Castro Neves; Francesca RagJione Mariutti; Jolivê Alves da Rocha Filho; Marco Antonio Silva Costa; Maria Eduarda Campos; Mariana Vilella; Vitória Costa Damasceno";2023;O controle das transferências voluntárias na educação pelo Tribunal de Contas da União (TCU): sumário executivo;LA Referencia (Red Federada de Repositorios Institucionales de Publicaciones Científicas);;OpenAlex;nao;;
181;Marcos Vinicius Pinheiro Oliveira;2023;O controle dos atos discricionários pelo Tribunal de Contas da União;Revista do TCU;;OpenAlex;nao;;
182;E. L. GONÇALVES;2023;O controle externo e as políticas públicas educacionais: análise da atuação do Tribunal de Contas do Estado de Goiás sobre o Plano Estadual de Educação;;10.48021/978-65-252-8216-9;Crossref;nao;;
183;J. L. MEDEIROS;2023;O papel do controle externo exercido pelos Tribunais de Contas no controle das políticas públicas de saúde durante a pandemia de Covid-19: um estudo sobre a atuação dos Tribunais de Contas da União e do Estado do Acre;;10.48021/978-65-270-0171-3;Crossref;nao;;
184;Nathália Nóbrega COCENTINO;2023;Os novos paradigmas de atuação do Tribunal de Contas da União e o controle sobre as agências reguladoras;LA Referencia (Red Federada de Repositorios Institucionales de Publicaciones Científicas);;OpenAlex;nao;;
185;"Jeferson Castro de Almeida; Mariana Jerusa de Oliveira; Robson Pires de Moraes; Sidneia Evangelista Ferreira";2023;sistema de controle interno no Tribunal de Contas do Município de São Paulo;Revista Simetria do Tribunal de Contas do Município de São Paulo;10.61681/revistasimetria.v1i12.145;OpenAlex;nao;;
186;"Tassianna Soares Pimentel; Gustavo Henrique de Faria; Regiane Miranda Santos; Tatiana Gondim do Amaral";2023;Tomada de Contas Especial: proposta de framework dos requisitos legais e normativos para instrução no Tribunal de Contas do Estado de Goiás;Revista Controle - Doutrina e Artigos;10.32586/rcda.v22i1.885;"Crossref; OpenAlex";nao;;
187;Stephenson Oliveira Victer;2023;Tomada de Contas Especial - TC/521860/2018;Revista do Ministério Público de Contas do Estado do Pará;10.52028/mpcpa.v01.i02-par04;"Crossref; OpenAlex";nao;;
188;"Araujo, Júlia Sapucaia de; Scaff, Fernando Facury";2023;Tribunal de Contas no exercício do controle de constitucionalidade;;10.11606/003182483;OpenAlex;nao;;
189;Cibelly Farias;2023;Violência contra mulher é da nossa conta: possibilidades de atuação no sistema de controle externo brasileiro;Revista do Ministério Público de Contas do Estado do Pará;10.52028/mpcpa01-art01;OpenAlex;nao;;
190;Jeanine Lykawka Medeiros;2024;A GRANDE MISSÃO DO TRIBUNAL DE CONTAS DA UNIÃO NO EXERCÍCIO DO CONTROLE EXTERNO SOBRE AS POLÍTICAS PÚBLICAS DE SAÚDE DURANTE A PANDEMIA DA COVID-19;RP3 - Revista de Pesquisa em Políticas Públicas;10.18829/2317-921x.2024.e48248;OpenAlex;nao;;
191;"Ana paula de Moraes; Mario Piscoya-Díaz; Abimael de Jesus Barros Costa";2024;A Implementação do Sistema e-Tomada de Contas Especiais sob a Perspectiva dos Contadores Governamentais Federais;Contabilidade, Gestão e Governança/UNB Contábil;10.51341/cgg.v27i2.3205;"Crossref; OpenAlex; OpenAlex (citações)";nao;;
192;Sergio Lino da S. Carvalho;2024;A INTERAÇÃO CIDADÃO-TRIBUNAIS DE CONTAS;Síntese.;10.70690/x8jbsc83;OpenAlex;nao;;
193;Felipe Galvão Puccioni;2024;ACCOUNTABILITY E TRIBUNAIS DE CONTAS;Síntese.;10.70690/ayapsw27;OpenAlex;nao;;
194;"Monique Menezes; Nayara Figueiredo de Negreiros";2024;Compliance nos tribunais de contas estaduais: a integridade do controle externo;Cuadernos de Educación y Desarrollo;10.55905/cuadv16n7-034;OpenAlex;nao;;
195;Fernando García;2024;CONTROLE DA RENÚNCIA DE RECEITA PELO TRIBUNAL DE CONTAS DA UNIÃO À LUZ DO PRINCÍPIO DA EFICÁCIA;Revista Foco;10.54751/revistafoco.v17n4-078;"Crossref; OpenAlex";nao;;
196;Rosano Augusto Kammers;2024;Controle dos atos de gestão: o erro grosseiro na visão do Tribunal de Contas da União;LA Referencia (Red Federada de Repositorios Institucionales de Publicaciones Científicas);;OpenAlex;nao;;
197;"Hendrick Pinheiro; Marina Fontão Zago";2024;Desafios do controle de economicidade da intervenção estatal indireta pelo Tribunal de Contas da União;Revista Jurídica da Presidência;10.20499/2236-3645.rjp2024v26e140-3239;"Crossref; OpenAlex";nao;;
198;Sérgio Oliva Reis;2024;Do exercício do controle externo sobre as entidades fechadas de previdência complementar;Revista do Ministério Público de Contas do Estado do Pará;10.52028/mpcpa.v02.i03-art11;OpenAlex;nao;;
199;"Gislene Daiana Martins; Saulo Silva Lima Filho; Henrique Portulhak; Blênio Cezar Severo Peixe";2024;Ideologia importa? Uma análise dos pareceres emitidos pelos tribunais de contas brasileiros;Cadernos Gestão Pública e Cidadania;10.12660/cgpc.v29.90367;OpenAlex (citações);nao;;
200;"Cirléia Carla S. Santos Soares; Bruno Botelho Piana";2024;INTELIGÊNCIA ANALÍTICA DE CONTROLE EXTERNO;Revista do Tribunal de Contas do Estado do Rio de Janeiro.;10.70690/9ypq4764;OpenAlex;nao;;
201;"Ronaldo Aparecido Avanzi; Rodrigo César Silva Moreira; João Dias de Souza Neto";2024;LAPSO TEMPORAL COMO UMA DAS VARIÁVEIS SENSÍVEIS DO PROCESSO DE TOMADA DE CONTAS ESPECIAL DO PODER EXECUTIVO DO ESTADO DE RONDÔNIA EM SUA FASE INTERNA;Revista Saberes da Amazônia;10.31517/rsa.v9i15.96;"Crossref; OpenAlex";sim;tcu-tomadas-de-contas-especiais/artigos/2024_ronaldo-aparecido-avanzi-rod_lapso-temporal-como-uma-das-vari-veis-sens-veis-do-processo.pdf;
202;"Leonardo de Guimarães Santiago; André da Silva Goes; Josimas Eugênio Silva; Sólon Bevilacqua";2024;Lean Six Sigma e o aprimoramento da Accountability nas decisões do tribunal de contas do Estado de Goiás;Revista Produção Online;10.14488/1676-1901.v24i4.5320;OpenAlex;nao;;
203;Olavo Lage Filho;2024;O controle externo do tribunal de contas no Brasil e seus desafios: a era da tecnologia?;Contribuciones a las Ciencias Sociales;10.55905/revconv.17n.10-206;"Crossref; OpenAlex";nao;;
204;Rafael Rodrigues da Costa;2024;O O Controle Externo Exercido pelos Tribunais de Contas de Angola e Moçambique: uma Análise Comparativa;Cadernos;;OpenAlex;nao;;
205;Erik Draganov Santos;2024;O valor público do Tribunal de Contas do Estado de São Paulo;LA Referencia (Red Federada de Repositorios Institucionales de Publicaciones Científicas);;OpenAlex;nao;;
206;Antônio Blecaute Costa Barbosa;2024;Os Tribunais de Contas do Brasil: uma nova agenda de atuação baseada em releitura da matriz de competência do sistema de controle externo;Revista Brasileira de Estudos Políticos;10.9732/2024.v128.1200;OpenAlex;nao;;
207;"Edmundo Monte Cavalcante; César Wagner Marques Barreto";2024;Pioneirismo e excelência: a trajetória de Alexandre Figueiredo no controle externo;Revista Controle - Doutrina e Artigos;10.32586/rcda.v23i1.983;OpenAlex;nao;;
208;"Sabrina Dos Passos Tortelli; Alessandro Mueller";2024;Processamento de Linguagem Natural em Processos de Tomada de Contas Especial;Anais do Computer on the Beach;10.14210/cotb.v15.p222-229;"Crossref; OpenAlex";sim;tcu-tomadas-de-contas-especiais/artigos/2024_sabrina-dos-passos-tortelli_processamento-de-linguagem-natural-em-processos-de-tomada-de.pdf;
209;Rafael Hiroyuki Costa Ideta;2024;QUAL É A NATUREZA JURÍDICA DAS DECISÕES DO TRIBUNAL DE CONTAS? A INFLUÊNCIA NO ÂMBITO JUDICIAL;Revista Ibero-Americana de Humanidades, Ciências e Educação;10.51891/rease.v10i3.13464;OpenAlex (citações);nao;;
210;Patrick Bezerra Mesquita;2024;Tomada de contas especial. Convênio celebrado com a finalidade de patrocínio. Ausência de fins comerciais. Omissão no dever de prestar contas. Inexistência de laudo conclusivo;Revista do Ministério Público de Contas do Estado do Pará;10.52028/mpcpa.v02.i03-par02;"Crossref; OpenAlex";nao;;
211;Paula Alexandra Nazareth;2024;TRANSFORMAÇÃO DIGITAL NO CONTROLE EXTERNO;Revista do Tribunal de Contas do Estado do Rio de Janeiro.;10.70690/h4y0pe79;OpenAlex;nao;;
212;Gilson Piqueras Garcia;2024;TRIBUNAIS DE CONTAS E JURIMETRIA;Revista do Tribunal de Contas do Estado do Rio de Janeiro;10.70690/ns2kyc96;Crossref;nao;;
213;"Isabella Bana; Rodrigo Nascimento Costa";2024;Tribunal de contas: do controle externo na administração pública ao ativismo;Revista Jurídica Ivaí;10.33872/revjurivai.v2n2.e026;"Crossref; OpenAlex";nao;;
214;Gilmar Ferreira Mendes;2024;Tribunal de Contas e Controle de Constitucionalidade;Revista Controle - Doutrina e Artigos;10.32586/rcda.v22i2.949;OpenAlex;nao;;
215;Ivana Mussi Gabriel;2024;Tribunal de contas no controle dos gastos públicos;Revista Jurídica do Ministério Público do Amazonas;;OpenAlex;nao;;
216;"Daniela Fernanda Sbravati; Elisete Della Giustina Da Corregio";2025;25 anos do Instituto de Contas do Tribunal de Contas do Estado de Santa Catarina: compartilhando conhecimentos, fortalecendo o controle externo;Revista do Tribunal de Contas do Estado de Santa Catarina;10.52028/tce-sc.v03.i05.art.01.sc;Crossref;nao;;
217;Mario Marrathma Lopes de Oliveira;2025;A ascensão da inteligência artificial no controle externo brasileiro: desafios e perspectivas;Revista Controle - Doutrina e Artigos;10.32586/rcda.v24i1.1068;OpenAlex;nao;;
218;Nadia Andrea Hilgert;2025;A atuação do Tribunal de Contas da União no desmonte das políticas públicas para a agricultura familiar;Raízes Revista de Ciências Sociais e Econômicas;10.37370/raizes.2025.v45.923;OpenAlex (citações);nao;;
219;K. F. S. CONTI;2025;Contas de Governo e Contas de Gestão: Considerações acerca da controvérsia de seu julgamento e apreciação pelos Tribunais de Contas sob égide da jurisprudência firmada pelo Supremo Tribunal Federal;;10.48021/978-65-270-7412-0;Crossref;nao;;
220;André Sberze;2025;Controle externo de processos legislativos: um novo papel do Tribunal de Contas no controle de constitucionalidade e legalidade;Revista do Tribunal de Contas do Estado de Santa Catarina;10.52028/tce-sc.v03.i05.art.04.df;"Crossref; OpenAlex";nao;;
221;"Josyanne da Rocha Ferreira; Debora Melquiades de Castro; Ramilla Nayara Gomes Freire; André Alexandre Neves da Silva";2025;Controle Externo e Organizações Sociais;Síntese.;10.70690/wbekcg38;OpenAlex;nao;;
222;M. G. A. ALBUQUERQUE;2025;Desafios da Regularização Fundiária e o Papel dos Tribunais de Contas: Um Estudo a partir da Experiência do Tribunal de Contas de Rondônia;;10.48021/978-65-270-8807-3;Crossref;nao;;
223;"Ivana Maria Saes Busato; Cleide Aparecida De Souza";2025;Instauração de Tomada de Contas Especial: uma visão sobre a legislação, no âmbito da Administração Pública Federal;Revista Saúde e Desenvolvimento;10.22169/revsed.v19n31.1505;"Crossref; OpenAlex";sim;tcu-tomadas-de-contas-especiais/artigos/2025_ivana-maria-saes-busato-clei_instaura-o-de-tomada-de-contas-especial-uma-vis-o-sobre-a-le.pdf;
224;"Patrícia de Oliveira Areas; José Pedro Oliveira Rosses";2025;Marco Legal de Ciência, Tecnologia e Inovação: jurisprudência e precedentes do Tribunal de Contas da União e do Tribunal de Contas do Estado de Santa Catarina;Revista de Direito Administrativo;10.12660/rda.v284.2025.90315;OpenAlex;nao;;
225;Jefferson Bertran de Alcantara Soares;2025;Mediação como instrumento de solução de conflitos no Tribunal de Contas;Revista do Tribunal de Contas do Estado de Santa Catarina;10.52028/tce-sc.v02.i04.art07.rs;Crossref;nao;;
226;"Eva Larissa Silva Rodrigues; Yohana Ághata da Silva; Vanessa Érica da Silva Santos; Giliard Cruz Targino";2025;O controle externo brasileiro: obstáculos para a efetivação da transparência e acesso de informações;Revista Brasileira de Filosofia e História;10.18378/rbfh.v14i3.11570;OpenAlex;nao;;
227;Diego Moreno da Rocha;2025;O Controle Externo Linear: limites do contraditório e da decadência nas deliberações do Tribunal de Contas da União;Revista Brasileira de Filosofia e História;10.18378/rbfh.v14i2.11297;OpenAlex;nao;;
228;Lizandra Almeida Souza;2025;O DIREITO À EDUCAÇÃO NO PLANEJAMENTO EDUCACIONAL: a accountability nas ações do Tribunal de Contas do Estado da Bahia;Revista Exitus;10.24065/re.v15i1.2847;OpenAlex;nao;;
229;Deíla Barbosa Maia;2025;O papel do Tribunal de Contas da União no controle de resultados da vacinação contra COVID-19 no Brasil;Revista do Ministério Público de Contas do Estado do Pará;10.52028/mpcpa.v03.i06.res02.ma;"Crossref; OpenAlex";nao;;
230;"Gustavo Marinho de Carvalho; Rafael Ramires Araújo Valim";2025;O regime jurídico das empresas estatais nas joint ventures e os limites do controle externo do Tribunal de Contas da União;REVISTA DELOS;10.55905/rdelosv18.n75-101;Crossref;nao;;
231;Elusa Cristina Costa Silveira;2025;O Tribunal de Contas do Estado de Santa Catarina e o direito fundamental à saúde: possibilidades para o exercício do controle externo;Revista do Tribunal de Contas do Estado de Santa Catarina;10.52028/tce-sc.v03.i05.art.08.sc;Crossref;nao;;
232;João Benício Vale de Aguiar;2025;Prescrição e controle externo : a jurisprudência do Supremo Tribunal Federal na reconfiguração dos incentivos do Tribunal de Contas da União;;10.26512/2025.10.d.53747;OpenAlex;nao;;
233;"Lucas Aluísio Scatimburgo Pedroso; Karen Oliveira Bonfim";2025;Representatividade feminina anos Tribunais de Contas: números, fatores e a iniciativa paulista;Cadernos;;OpenAlex;nao;;
234;Gabriel Ferreira da Fonseca;2025;Supremo Tribunal Federal e Tribunais de Contas;Revista Brasileira de Sociologia do Direito;10.21910/rbsd.v12i3.892;OpenAlex;nao;;
235;"Fernando Amorim da Silva; Luís Moretto Neto";2025;Tribunal de Contas e Controle Social: um Estudo a Partir do Novo Serviço Público;Administração Pública e Gestão Social;10.21118/apgs.v17i2.18392;OpenAlex;nao;;
236;"Alexsandro Gonçalves de Jesus Santiago; Algenir Francisco Bueno Marques; Igor Coutinho Souza; Linnyker Alison Siqueira Batista";2026;A ADPF 982 e o fortalecimento da accountability horizontal no Brasil: controle externo, tribunais de contas e democracia constitucional;Cadernos Cajuína;10.52641/cadcajv11i2.1872;OpenAlex;nao;;
237;Guilherme Luiz Sever Carvalho;2026;A culpabilidade e a atividade sancionadora do Tribunal de Contas da União;Revista Brasileira de Infraestrutura|RBInf;10.64568/rbinf.v15i28.1267;OpenAlex;nao;;
238;"Daniel Mikael Carvalho; Leonardo Sotire Epaminondas; Agilson Azizes Ferreira";2026;A Eficácia da Tomada de Contas Especial no Sistema de Controle Externo;AYA Editora eBooks;10.47573/aya.5379.3.36.18;"Crossref; OpenAlex";nao;;
239;Matheus Müller Batista Ferreira;2026;A RESPONSABILIZAÇÃO DOS ORDENADORES DE DESPESAS PERANTE OS TRIBUNAIS DE CONTAS – UMA ANÁLISE DA JURISPRUDÊNCIA DO TRIBUNAL DE CONTAS DA UNIÃO;Revista de Geopolítica;10.56238/revgeov17n3-151;OpenAlex (citações);nao;;
240;Mário Munto Ndala;2026;Alinhamento documental observável dos relatórios de auditoria pública com as ISSAI: estudo comparado do Tribunal de Contas de Portugal, do Tribunal de Contas da União e do Tribunal de Contas do Estado da Bahia, 2019–2023;Derecho y cambio social.;10.54899/dcs.v23i94.6838;"Crossref; OpenAlex";nao;;
241;"Fabiano Martin Tiossi; Patricia Cardoso Medeiros";2026;Atuação do Tribunal de Contas como órgão de controle externo na Administração Pública;Plenário – Revista Jurídica da Câmara dos Deputados;10.51206/plenario.v1i8;OpenAlex;nao;;
242;Luciana Rocha de Melo Alvim;2026;Avaliação de políticas públicas nos tribunais de contas brasileiros : concepções e práticas na perspectiva dos auditores de controle externo;RIUnB Institutional Repository (University of Brasília);;OpenAlex;nao;;
243;"Francimara Lopes Vieira Ferreira; Rony Lucas Lopes Ferreira; Moisés de Almeida Góes";2026;Consensualismo e autocomposição na tomada de contas especial: uma análise teórica da Instrução Normativa nº 68/2019/TCE-RO e de sua contribuição para a superação do princípio da indisponibilidade do interesse público;RCMOS - Revista Científica Multidisciplinar O Saber;10.51473/rcmos.v1i1.2026.2291;"Crossref; OpenAlex";nao;;
244;"Graziele da Cruz Rodrigues; Erlamar Martins de Paula Barbosa; José Luiz Oliveira";2026;Controle externo e controle interno: instrumentos de gestão pública;FRONTIERS OF LAW JOURNAL;10.70579/rfd.v2i3.261;OpenAlex;nao;;
245;"Anamaria Ferreguete Crispino Estácio; Fabrício Vasconcelos de Oliveira";2026;CONTROLE EXTERNO E PROTEÇÃO INTERGERACIONAL: A FISCALIZAÇÃO DE POLÍTICAS PÚBLICAS AMBIENTAIS PELOS TRIBUNAIS DE CONTAS;;10.62140/aefo619535060;OpenAlex;nao;;
246;Marcos Vidal da Silva;2026;DA FISCALIZAÇÃO À RESILIÊNCIA: COMO O CONTROLE EXTERNO PODE CONTRIBUIR PARA POLÍTICAS PÚBLICAS DE REDUÇÃO DE RISCOS E DESASTRES;Revista de Geopolítica;10.56238/revgeov17n6-042;OpenAlex (citações);nao;;
247;Celso Antônio Bandeira de Mello;2026;Funções do tribunal de contas;RDAI | Revista de Direito Administrativo e Infraestrutura;10.48143/rdai.36.mello;OpenAlex;nao;;
248;"André Luiz da Costa Gomes; Bruno Luis do Nascimento Nobrega Vilar; João Marcelo Alves Macêdo; Jaqueline Guimarães Santos";2026;GOVERNANÇA ALGORÍTMICA E TRANSPARÊNCIA PÚBLICA: O USO DA INTELIGÊNCIA ARTIFICIAL PELO TRIBUNAL DE CONTAS DO ESTADO DA PARAÍBA - TCE-PB COMO FERRAMENTA DE ACCOUNTABILITY;Revista Políticas Públicas & Cidades;10.23900/2359-1552v15n2-14-2026;OpenAlex;nao;;
249;Romulo Miranda Alvim;2026;Governança de dados e desempenho em tribunal de contas;RIUnB Institutional Repository (University of Brasília);;OpenAlex;nao;;
250;"João Gabriel Guimarães de Almeida; Matheus Gonzales Sato; Luiz Alberto Pereira Ribeiro";2026;GOVERNANÇA NO TRIBUNAL DE CONTAS NA ERA DIGITAL: O PAPEL DA INTELIGÊNCIA ARTIFICIAL NA PROMOÇÃO DE ACCOUNTABILITY E TRANSPARÊNCIA;Journal of Law and Sustainable Development;10.55908/sdgs.v14i6.4677;OpenAlex;nao;;
251;André Melo Ferreira;2026;O controle de legalidade de atos normativos exercido pelo tribunal de contas da união: Acórdão nº 2454/2025;RDAI | Revista de Direito Administrativo e Infraestrutura;10.48143/rdai.36.ferreira;OpenAlex;nao;;
252;"Aderson Flores; Cássio Severo Rodrigues; Guilherme Duarte Silveira";2026;O controle externo do sistema prisional: a atuação do Tribunal de Contas do Estado de Santa Catarina diante do déficit de vagas;Revista do Tribunal de Contas do Estado de Santa Catarina;10.52028/tce-sc.v04.i07.art.01.sc;Crossref;nao;;
253;"Leandro Oliveira Vaz de Bragança e Souza; Elísio De Azevedo Freitas; Fábio Dinis de Souza";2026;O controle externo exercido pelos tribunais de contas e o poder de polícia – distinções importantes;Derecho y cambio social.;10.54899/dcs.v23i87.4312;OpenAlex;nao;;
254;W. S. SAHADE FILHO;2026;O Controle Externo pelo Tribunal de Contas da União sobre a Atuação da BNDESPAR no Mercado de Renda Variável;Dialética eBooks;10.48021/978-65-288-0142-8;"Crossref; OpenAlex";nao;;
255;"Lucas do Nascimento Magalhães; Gissele Souza de Franceschi Nunes; Filipi Assunção Oliveira";2026;O impacto da opinião de auditoria financeira na apreciação de prestações de contas anuais em Tribunais de Contas subnacionais;Revista do Tribunal de Contas do Estado de Santa Catarina;10.52028/tce-sc.v04.i06.art.06.rj;Crossref;nao;;
256;"Vinicius Batista de Andrade; Felipe Dias Cunha; Lívia Rangel Nascimento";2026;PRESCRIÇÃO NAS TOMADAS DE CONTAS PERANTE OS TRIBUNAIS DE CONTAS: UM ESTUDO SOBRE SEGURANÇA JURÍDICA, DEVIDO PROCESSO LEGAL E TUTELA DO ERÁRIO;LUMEN ET VIRTUS;10.56238/levv17n61-078;OpenAlex;nao;;
257;Luiz Gustavo Esmeraldo Gurgel Maia;2026;PRESCRIÇÃO NO CONTROLE EXTERNO: A URGÊNCIA DE UM PADRÃO NACIONAL PARA OS TRIBUNAIS DE CONTAS;Veredas do Direito Direito Ambiental e Desenvolvimento Sustentável;10.18623/rvd.v23.5807;OpenAlex;nao;;
258;"Lis Pitanga Ribas de Castro; Gabriel Jesus de Souza; Raimir Holanda Filho";2026;Procedimentos alternativos para resolução de conflitos no âmbito dos Tribunais de Contas;Revista Controle - Doutrina e Artigos;10.32586/rcda.v24i2.1093;OpenAlex;nao;;
259;Eduardo De Sousa Lemos;2026;RECONSTRUÇÃO CONSTITUCIONAL DO CONTROLE EXTERNO: RESERVA DE JURISDIÇÃO E DÉFICIT DE GARANTIAS NO SISTEMA BRASILEIRO DE CONTAS PÚBLICAS;INTERNATIONAL INTEGRALIZE SCIENTIFIC;10.63391/w6s69e18;OpenAlex;nao;;
