"autores";"ano";"titulo";"veiculo";"volume";"numero";"paginas";"doi";"idioma";"tema";"afirmacao";"excerto_verbatim";"fonte_do_excerto";"confirma_como"
"Berliner, Daniel";"2014";"The Political Origins of Transparency";"The Journal of Politics";"76";"2";"479-491";"10.1017/S0022381613001412";"en";"1. Liberdade de informação / acesso à informação";"Leis de acesso à informação tendem a ser aprovadas quando partidos de oposição representam desafios críveis aos incumbentes e a rotatividade no Executivo foi frequente.";"Event-history-model results show that FOI law passage is more likely when opposition parties pose more credible challenges to incumbents and when recent turnover in executive office has been frequent.";"https://doi.org/10.1017/S0022381613001412";"Crossref api.crossref.org/works/10.1017/S0022381613001412 — título, ano, veículo, volume/número/páginas e DOI lidos do JSON em 2026-10-09; registro também conferido em OpenAlex."
"Michener, Gregory";"2015";"Assessing Freedom of Information in Latin America a Decade Later: Illuminating a Transparency Causal Mechanism";"Latin American Politics and Society";"57";"3";"77-99";"10.1111/j.1548-2456.2015.00275.x";"en";"1. Liberdade de informação / acesso à informação";"A força dos regimes de acesso à informação na América Latina varia de jure e de facto, e um mecanismo causal ligado ao equilíbrio legislativo e à composição do gabinete molda sua trajetória da adoção à implementação e reforma.";"It analyzes the de jure and de facto strength of Latin American FOI regimes; it exposes critical data-based and methodological challenges in evaluating and comparing transparency laws; and it illustrates how a causal mechanism, driven by the interactive dynamics of legislative balances of power and cabinet compositions, has had a determinate influence in shaping the strength of FOI regimes from adoption to implementation and reform.";"https://doi.org/10.1111/j.1548-2456.2015.00275.x";"Crossref api.crossref.org/works/10.1111/j.1548-2456.2015.00275.x — título, ano, veículo, volume/número/páginas e DOI lidos do JSON em 2026-10-09; registro também conferido em OpenAlex."
"Relly, Jeannine E.";"2012";"Freedom of Information Laws and Global Diffusion";"Journalism & Mass Communication Quarterly";"89";"3";"431-457";"10.1177/1077699012447921";"en";"1. Liberdade de informação / acesso à informação";"A adoção de leis de acesso à informação difundiu-se globalmente, sendo a força do ambiente midiático interno um fator significativo de adoção entre os Estados-membros da ONU.";"The models indicated that a strong environment for news media had a significant influence on legislation adoption in United Nations member states ( N = 192).";"https://doi.org/10.1177/1077699012447921";"Crossref api.crossref.org/works/10.1177/1077699012447921 — título, ano, veículo, volume/número/páginas e DOI lidos do JSON em 2026-10-09; registro também conferido em OpenAlex."
"Stein, Laura L; Camaj, Lindita";"2018";"Freedom of Information";"Oxford Research Encyclopedia of Communication (Oxford University Press)";"";"";"";"10.1093/acrefore/9780190228613.013.97";"en";"1. Liberdade de informação / acesso à informação";"As leis de acesso à informação definem quem pode pedir, o que é acessível e os prazos de resposta, mas apenas uma pequena parcela da população faz pedidos, e o efeito da lei depende de como é escrita e da cooperação dos órgãos.";"Only a small percentage of people make FOI requests in most nations. Although it varies from country to country, requests from specific groups, including private individuals, commercial businesses, journalists, and nongovernmental organizations, often predominate.";"https://doi.org/10.1093/acrefore/9780190228613.013.97";"Crossref api.crossref.org/works/10.1093/acrefore/9780190228613.013.97 — título, ano, veículo, volume/número/páginas e DOI lidos do JSON em 2026-10-09; registro também conferido em OpenAlex."
"Ugarte, Ramiro Álvarez";"2022";"Right to Information and Transparency";"The Oxford Handbook of Constitutional Law in Latin America (Oxford University Press), capítulo";"";"";"641-653";"10.1093/oxfordhb/9780198786900.013.43";"en";"1. Liberdade de informação / acesso à informação";"O direito de acesso à informação na América Latina resultou de um transplante legal impulsionado por ativistas e organizações, com fragilidades que limitam seu potencial de accountability democrática.";"It argues that the right to information in Latin America presents a case of legal transplant, inspired by regulations abroad which were carried beyond the national borders by well-funded activists and organizations.";"https://doi.org/10.1093/oxfordhb/9780198786900.013.43";"Crossref api.crossref.org/works/10.1093/oxfordhb/9780198786900.013.43 — título, ano, veículo, volume/número/páginas e DOI lidos do JSON em 2026-10-09; registro também conferido em OpenAlex."
"Worthy, Ben";"2010";"More Open but Not More Trusted? The Effect of the Freedom of Information Act 2000 on the United Kingdom Central Government";"Governance";"23";"4";"561-582";"10.1111/j.1468-0491.2010.01498.x";"en";"1. Liberdade de informação / acesso à informação";"A lei britânica de acesso à informação cumpriu os objetivos centrais de aumentar transparência e accountability, mas não os quatro objetivos secundários de melhorar a decisão pública, o entendimento público, a participação e a confiança no governo.";"It concludes that FOI has achieved the core objectives of increasing transparency and accountability, though the latter only in particular circumstances, but not the four secondary objectives: improved decision-making by government, improved public understanding, increased participation, and trust in government.";"https://doi.org/10.1111/j.1468-0491.2010.01498.x";"Crossref api.crossref.org/works/10.1111/j.1468-0491.2010.01498.x — título, ano, veículo, volume/número/páginas e DOI lidos do JSON em 2026-10-09; registro também conferido em OpenAlex."
"Fung, Archon";"2013";"Infotopia";"Politics & Society";"41";"2";"183-212";"10.1177/0032329213483107";"en";"2. Avaliação de transparência";"A transparência democrática deve organizar politicamente a informação, de modo que o volume divulgado seja proporcional ao risco que as grandes organizações impõem aos interesses dos cidadãos.";"Democratic transparency consists of four principles. First, information about the operations and actions of large organizations that affect citizens' interests should be rich, deep, and readily available to the public. Second, the amount of available information should be proportionate to the extent to which those organizations jeopardize citizens' interests.";"https://doi.org/10.1177/0032329213483107";"Crossref api.crossref.org/works/10.1177/0032329213483107 — título, ano, veículo, volume/número/páginas e DOI lidos do JSON em 2026-10-09; registro também conferido em OpenAlex."
"Grimmelikhuijsen, Stephan G.; Welch, Eric W.";"2012";"Developing and Testing a Theoretical Framework for Computer-Mediated Transparency of Local Governments";"Public Administration Review";"72";"4";"562-571";"10.1111/j.1540-6210.2011.02532.x";"en";"2. Avaliação de transparência";"Dimensões distintas de transparência (da decisão, da política e do resultado) são associadas a fatores institucionais diferentes, o que impede tratá-la como conceito único.";"Results indicate that each dimension of transparency is associated with different factors. Decision-making transparency is associated with political influence; when left-wing parties are strong in the local council, local government tends to be more transparent.";"https://doi.org/10.1111/j.1540-6210.2011.02532.x";"Crossref api.crossref.org/works/10.1111/j.1540-6210.2011.02532.x — título, ano, veículo, volume/número/páginas e DOI lidos do JSON em 2026-10-09; registro também conferido em OpenAlex."
"Heald, David";"2006";"Varieties of Transparency";"Transparency: The Key to Better Governance? (British Academy / Oxford University Press), capítulo";"";"";"";"10.5871/bacad/9780197263839.003.0002";"en";"2. Avaliação de transparência";"A transparência se desdobra em variedades segundo três dicotomias — transparência de evento x de processo, retrospectiva x em tempo real, nominal x efetiva —, o que é decisivo para sua medição.";"Abstracting from the issue of direction, transparency can be analysed by means of a set of three dichotomies: event transparency versus process transparency; transparency in retrospect versus transparency in real time; and nominal transparency versus effective transparency.";"https://doi.org/10.5871/bacad/9780197263839.003.0002";"Crossref api.crossref.org/works/10.5871/bacad/9780197263839.003.0002 — título, ano, veículo, volume/número/páginas e DOI lidos do JSON em 2026-10-09; registro também conferido em OpenAlex."
"Michener, Gregory; Bersch, Katherine";"2013";"Identifying transparency";"Information Polity";"18";"3";"233-242";"10.3233/IP-130299";"en";"2. Avaliação de transparência";"A transparência exige duas condições necessárias e conjuntamente suficientes — a visibilidade da informação e sua inferibilidade —, cuja ausência gera usos indevidos do termo.";"This article provides a framework and a vocabulary for identifying and evaluating transparency, which depends on two necessary and jointly sufficient conditions: the visibility of information, and its inferability – the ability to draw accurate conclusions from it.";"https://doi.org/10.3233/IP-130299";"Crossref api.crossref.org/works/10.3233/IP-130299 — título, ano, veículo, volume/número/páginas e DOI lidos do JSON em 2026-10-09; registro também conferido em OpenAlex."
"Mungiu‐Pippidi, Alina";"2023";"Transparency and corruption: Measuring real transparency by a new index";"Regulation & Governance";"17";"4";"1094-1113";"10.1111/rego.12502";"en";"2. Avaliação de transparência";"Existe um grande hiato de implementação entre a transparência de direito e a transparência real; por isso um índice de transparência de facto é necessário para avaliar seu efeito sobre a corrupção.";"The paper argues that de facto transparency must be considered alongside de jure (legal) transparency if we are to judge the impact (or lack of) transparency against accountability and corruption, as a large implementation gap exists, in particular in poor countries, between legal commitments and real transparency.";"https://doi.org/10.1111/rego.12502";"Crossref api.crossref.org/works/10.1111/rego.12502 — título, ano, veículo, volume/número/páginas e DOI lidos do JSON em 2026-10-09; registro também conferido em OpenAlex."
"Bagozzi, Benjamin E.; Berliner, Daniel; Almquist, Zack W.";"2021";"When does open government shut? Predicting government responses to citizen information requests";"Regulation & Governance";"15";"2";"280-297";"10.1111/rego.12282";"en";"3. Comportamento de recusa";"A sensibilidade política dos assuntos pedidos desempenha papel central em moldar a (não)responsividade dos órgãos a pedidos de informação.";"Substantively, our comparisons of the topics that are most highly predictive of responsiveness and nonresponsivess indicate that political sensitivity plays a large and important role in shaping official behavior in this arena.";"https://doi.org/10.1111/rego.12282";"Crossref api.crossref.org/works/10.1111/rego.12282 — título, ano, veículo, volume/número/páginas e DOI lidos do JSON em 2026-10-09; registro também conferido em OpenAlex."
"Kwoka, Margaret B.";"2021";"Saving the Freedom of Information Act";"Cambridge University Press (livro)";"";"";"";"10.1017/9781108697637";"en";"3. Comportamento de recusa";"A maior parte dos pedidos nos EUA não visa accountability democrática, e as agências criaram novos processos e especialistas para atender solicitantes não jornalísticos, com efeito deletério sobre o uso fiscalizatório.";"Today, however, FOIA is largely used for purposes other than fostering democratic accountability.";"https://doi.org/10.1017/9781108697637";"Crossref api.crossref.org/works/10.1017/9781108697637 — título, ano, veículo, volume/número/páginas e DOI lidos do JSON em 2026-10-09; registro também conferido em OpenAlex."
"Mabillard, Vincent; Esposito, Giovanni; Cicatiello, Lorenzo; Gaeta, Giuseppe Lucio; Pasquier, Martial";"2025";"Barriers to Freedom of Information: Insights from an Experiment in Belgium";"International Journal of Public Administration";"48";"8";"519-531";"10.1080/01900692.2024.2378329";"en";"3. Comportamento de recusa";"Na implementação da lei de acesso em municípios belgas predominam o descumprimento e a 'transparência tensa', que limita o acesso por falta de recursos ou desconhecimento.";"The results highlight a lack of compliance in many cases, and a predominance of strained transparency (conscious or unconscious limiting access to information, because of a lack of resources or unfamiliarity with the requested information).";"https://doi.org/10.1080/01900692.2024.2378329";"Crossref api.crossref.org/works/10.1080/01900692.2024.2378329 — título, ano, veículo, volume/número/páginas e DOI lidos do JSON em 2026-10-09; registro também conferido em OpenAlex."
"Roberts, Alasdair";"2006";"Blacked Out";"Cambridge University Press (livro)";"";"";"";"10.1017/cbo9781139165518";"en";"3. Comportamento de recusa";"Apesar da difusão de leis de acesso, muitos governos ignoram ou frustram as exigências legais de divulgação de documentos-chave, mantendo uma cultura de sigilo.";"The author tackles the question of whether the drive for transparency has stemmed the desire for government secrecy and discusses how many governments ignore or frustrate the legal requirements for the release of key documents.";"https://doi.org/10.1017/cbo9781139165518";"Crossref api.crossref.org/works/10.1017/cbo9781139165518 — título, ano, veículo, volume/número/páginas e DOI lidos do JSON em 2026-10-09; registro também conferido em OpenAlex."
"Thomas, Owen D.";"2020";"Paradoxical secrecy in British freedom of information law";"Transparency and Secrecy in European Democracies (Routledge), capítulo";"";"";"135-156";"10.4324/9780429026003-10";"en";"3. Comportamento de recusa";"A lei britânica de acesso à informação incorpora a premissa de que a divulgação é inerentemente perigosa, produzindo o sigilo paradoxal de informações que, em princípio, deveriam ser acessíveis.";"Drawing on recent legal disputes, I show how this imbalance has a profound and paradoxical effect: information that should, in principle, be accessible through the law is always too dangerous to release and is consequently subjected to permanent concealment.";"https://doi.org/10.4324/9780429026003-10";"Crossref api.crossref.org/works/10.4324/9780429026003-10 — título, ano, veículo, volume/número/páginas e DOI lidos do JSON em 2026-10-09; registro também conferido em OpenAlex."
"Bovens, Mark";"2007";"Analysing and Assessing Accountability: A Conceptual Framework";"European Law Journal";"13";"4";"447-468";"10.1111/j.1468-0386.2007.00378.x";"en";"4. Accountability horizontal e social";"Accountability é a relação entre um ator e um fórum: o ator tem a obrigação de explicar e justificar sua conduta, o fórum pode questionar e julgar, e o ator pode sofrer consequências.";"In this article the concept of accountability is used in a rather narrow sense: a relationship between an actor and a forum, in which the actor has an obligation to explain and to justify his or her conduct, the forum can pose questions and pass judgement, and the actor may face consequences.";"https://doi.org/10.1111/j.1468-0386.2007.00378.x";"Crossref api.crossref.org/works/10.1111/j.1468-0386.2007.00378.x — título, ano, veículo, volume/número/páginas e DOI lidos do JSON em 2026-10-09; registro também conferido em OpenAlex."
"Bovens, Mark; Wille, Anchrit";"2021";"Indexing watchdog accountability powers a framework for assessing the accountability capacity of independent oversight institutions";"Regulation & Governance";"15";"3";"856-876";"10.1111/rego.12316";"en";"4. Accountability horizontal e social";"As instituições independentes de supervisão são componentes críticos do panorama de accountability nas democracias modernas, e seus poderes podem ser medidos por um índice.";"Independent oversight institutions are critical components of the accountability landscape in modern democracies. This paper presents a framework for assessing the accountability powers of these watchdogs.";"https://doi.org/10.1111/rego.12316";"Crossref api.crossref.org/works/10.1111/rego.12316 — título, ano, veículo, volume/número/páginas e DOI lidos do JSON em 2026-10-09; registro também conferido em OpenAlex."
"Fox, Jonathan A.";"2015";"Social Accountability: What Does the Evidence Really Say?";"World Development";"72";"";"346-361";"10.1016/j.worlddev.2015.03.011";"en";"4. Accountability horizontal e social";"Ambientes favoráveis à ação coletiva combinados com capacidade estatal de responder à voz cidadã são mais promissores do que intervenções táticas baseadas apenas na informação.";"Enabling environments for collective action combined with bolstered state capacity to respond to citizen voice are more promising.";"https://doi.org/10.1016/j.worlddev.2015.03.011";"Crossref api.crossref.org/works/10.1016/j.worlddev.2015.03.011 — título, ano, veículo, volume/número/páginas e DOI lidos do JSON em 2026-10-09; registro também conferido em OpenAlex."
"Mainwaring, Scott; Welna, Christopher (org.)";"2003";"Democratic Accountability in Latin America";"Oxford University Press (livro organizado)";"";"";"";"10.1093/0199256373.001.0001";"en";"4. Accountability horizontal e social";"A obra examina a teia de instituições que formam os mecanismos de accountability, sua interação, e a relação entre accountability eleitoral, intraestatal e societal.";"It seeks to further understanding on the web of institutions that form the mechanisms of accountability, the interaction between these institutions, and interaction between electoral accountability, intrastate accountability, and societal oversight.";"https://doi.org/10.1093/0199256373.001.0001";"Crossref api.crossref.org/works/10.1093/0199256373.001.0001 — título, ano, veículo, volume/número/páginas e DOI lidos do JSON em 2026-10-09; registro também conferido em OpenAlex."
"O'Donnell, Guillermo";"1998";"Accountability horizontal e novas poliarquias";"Lua Nova: Revista de Cultura e Política";"";"44";"27-54";"10.1590/S0102-64451998000200003";"pt";"4. Accountability horizontal e social";"A accountability horizontal é um traço crucial das poliarquias desenvolvidas do Ocidente que está ausente das novas democracias.";"As tradições liberal e republicana são as responsáveis pela ""accountability horizontal"", um traço crucial dessas poliarquias que está ausente das novas democracias.";"https://doi.org/10.1590/S0102-64451998000200003";"Crossref api.crossref.org/works/10.1590/S0102-64451998000200003 — título, ano, veículo, volume/número/páginas e DOI lidos do JSON em 2026-10-09; registro também conferido em OpenAlex."
"Peruzzotti, Enrique; Smulovitz, Catalina (org.)";"2006";"Enforcing the Rule of Law";"Enforcing the Rule of Law: Social Accountability in the New Latin American Democracies (University of Pittsburgh Press, livro organizado)";"";"";"";"10.2307/j.ctt9qh5t1";"en";"4. Accountability horizontal e social";"A obra examina como autoridades eleitas na América Latina passaram a ser escrutinadas por novas formas de controle político e como mecanismos de accountability societal contrabalançaram a corrupção e as limitações das instituições.";"Enforcing the Rule of Law examines how elected officials in Latin American democracies have come under scrutiny from new forms of political control, and how these social accountability mechanisms have been successful in counteracting corruption and the limitations of established institutions.";"https://upittpress.org/books/9780822958963/";"Crossref api.crossref.org/works/10.2307/j.ctt9qh5t1 — título, ano, veículo, volume/número/páginas e DOI lidos do JSON em 2026-10-09; registro também conferido em OpenAlex. Excerto lido de https://upittpress.org/books/9780822958963/. [abstract formal não disponível; excerto = descrição oficial do editor, verbatim]"
"Rosanvallon, Pierre";"2011";"Democratic Legitimacy: Impartiality, Reflexivity, Proximity";"Princeton University Press (livro; tradução inglesa de La légitimité démocratique, Seuil, 2008)";"";"";"";"10.1515/9781400838745";"en";"4. Accountability horizontal e social";"A legitimidade democrática passou a se apoiar em novas fontes — comissões independentes, ONGs, agências reguladoras e órgãos de vigilância —, que servem aos valores de imparcialidade e reflexividade.";"Drawing on examples from France and the United States, Rosanvallon notes that there has been a major expansion of independent commissions, NGOs, regulatory authorities, and watchdogs in recent decades.";"https://doi.org/10.1515/9781400838745";"Crossref api.crossref.org/works/10.1515/9781400838745 — título, ano, veículo, volume/número/páginas e DOI lidos do JSON em 2026-10-09; registro também conferido em OpenAlex. [edição inglesa; original francês de 2008]"
"Smulovitz, Catalina; Peruzzotti, Enrique";"2000";"Societal Accountability in Latin America";"Journal of Democracy";"11";"4";"147-158";"10.1353/jod.2000.0087";"en";"4. Accountability horizontal e social";"A ação cidadã voltada a vigiar as autoridades públicas constitui uma nova forma de controle societal que vem redefinindo a relação entre cidadãos e representantes na América Latina.";"Citizen action aimed at overseeing political authorities is becoming a fact of life and is redefining the traditional concept of the relationship between citizens and their elected representatives.";"https://doi.org/10.1353/jod.2000.0087";"Crossref api.crossref.org/works/10.1353/jod.2000.0087 — título, ano, veículo, volume/número/páginas e DOI lidos do JSON em 2026-10-09; registro também conferido em OpenAlex."
"Burden, Barry C.; Canon, David T.; Mayer, Kenneth R.; Moynihan, Donald P.";"2012";"The Effect of Administrative Burden on Bureaucratic Perception of Policies: Evidence from Election Administration";"Public Administration Review";"72";"5";"741-751";"10.1111/j.1540-6210.2012.02600.x";"en";"5. Carga administrativa e burocracia";"A carga administrativa percebida pelos burocratas influencia suas visões sobre políticas e sua disposição a transferir responsabilidades a outros.";"This article argues that administrative burden—that is, an individual's experience of policy implementation as onerous—is an important consideration for administrators and influences their views on policy and governance options.";"https://doi.org/10.1111/j.1540-6210.2012.02600.x";"Crossref api.crossref.org/works/10.1111/j.1540-6210.2012.02600.x — título, ano, veículo, volume/número/páginas e DOI lidos do JSON em 2026-10-09; registro também conferido em OpenAlex."
"Christensen, Julian; Aarøe, Lene; Baekgaard, Martin; Herd, Pamela; Moynihan, Donald P.";"2020";"Human Capital and Administrative Burden: The Role of Cognitive Resources in Citizen-State Interactions";"Public Administration Review";"80";"1";"127-136";"10.1111/puar.13134";"en";"5. Carga administrativa e burocracia";"O Estado reforça a desigualdade ao impor cargas administrativas que pesam mais sobre cidadãos com menos recursos cognitivos, criando um 'impasse de capital humano'.";"One means by which the state reinforces inequality is by imposing administrative burdens that loom larger for citizens with lower levels of human capital.";"https://doi.org/10.1111/puar.13134";"Crossref api.crossref.org/works/10.1111/puar.13134 — título, ano, veículo, volume/número/páginas e DOI lidos do JSON em 2026-10-09; registro também conferido em OpenAlex."
"Halling, Aske; Baekgaard, Martin";"2024";"Administrative Burden in Citizen–State Interactions: A Systematic Literature Review";"Journal of Public Administration Research and Theory";"34";"2";"180-195";"10.1093/jopart/muad023";"en";"5. Carga administrativa e burocracia";"A pesquisa empírica sustenta que as cargas administrativas são consequentes, distributivas e construídas, e o conceito de tolerância à carga se tornou central.";"Empirical research supports conventional claims that burdens are consequential, distributive, and constructed.";"https://doi.org/10.1093/jopart/muad023";"Crossref api.crossref.org/works/10.1093/jopart/muad023 — título, ano, veículo, volume/número/páginas e DOI lidos do JSON em 2026-10-09; registro também conferido em OpenAlex."
"Herd, Pamela; Moynihan, Donald P.";"2019";"Administrative Burden";"Administrative Burden: Policymaking by Other Means (Russell Sage Foundation, livro)";"";"";"";"10.7758/9781610448789";"en";"5. Carga administrativa e burocracia";"As cargas administrativas que os cidadãos enfrentam não são subprodutos involuntários do governo, mas resultado de escolhas políticas deliberadas, e afetam desproporcionalmente os desfavorecidos.";"Herd and Moynihan document that the administrative burdens citizens regularly encounter in their interactions with the state are not simply unintended byproducts of governance, but the result of deliberate policy choices.";"https://www.russellsage.org/publications/book/administrative-burden";"Crossref api.crossref.org/works/10.7758/9781610448789 — título, ano, veículo, volume/número/páginas e DOI lidos do JSON em 2026-10-09; registro também conferido em OpenAlex. Excerto lido de https://www.russellsage.org/publications/book/administrative-burden. [abstract formal não disponível; excerto = descrição oficial do editor, verbatim]"
"Moynihan, Donald P.; Herd, Pamela; Harvey, Hope";"2015";"Administrative Burden: Learning, Psychological, and Compliance Costs in Citizen-State Interactions";"Journal of Public Administration Research and Theory";"25";"1";"43-69";"10.1093/jopart/muu009";"en";"5. Carga administrativa e burocracia";"A carga administrativa é conceituada como função dos custos de aprendizagem, psicológicos e de conformidade que os cidadãos experimentam em suas interações com o Estado, e é um terreno da política ('política oculta').";"Administrative burden is conceptualized as a function of learning, psychological, and compliance costs that citizens experience in their interactions with government.";"https://doi.org/10.1093/jopart/muu009";"Crossref api.crossref.org/works/10.1093/jopart/muu009 — título, ano, veículo, volume/número/páginas e DOI lidos do JSON em 2026-10-09; registro também conferido em OpenAlex. [Crossref registra 2014 (online first); volume 25(1) é de 2015]"
"Benmohamed, Nuria; Shen, Jun; Vlahu-Gjorgievska, Elena";"2024";"Public value creation through the use of open government data in Australian public sector: A quantitative study from employees' perspective";"Government Information Quarterly";"41";"2";"101930";"10.1016/j.giq.2024.101930";"en";"6. Dados abertos e governo aberto";"Os dados abertos governamentais têm pouco valor em si mesmos; o valor público é criado pelo seu uso.";"However, OGD has hardly any value on its own, yet the value is created by its use, hence supporting OGD portal use is a key point to delivering public value.";"https://doi.org/10.1016/j.giq.2024.101930";"Crossref api.crossref.org/works/10.1016/j.giq.2024.101930 — título, ano, veículo, volume/número/páginas e DOI lidos do JSON em 2026-10-09; registro também conferido em OpenAlex."
"Janssen, Marijn; Charalabidis, Yannis; Zuiderwijk, Anneke";"2012";"Benefits, Adoption Barriers and Myths of Open Data and Open Government";"Information Systems Management";"29";"4";"258-268";"10.1080/10580530.2012.716740";"en";"6. Dados abertos e governo aberto";"Adota-se com frequência uma visão conceitualmente simplista dos dados abertos, que correlaciona automaticamente a publicação dos dados com seu uso e benefícios.";"The results suggest that a conceptually simplistic view is often adopted with regard to open data, which automatically correlates the publicizing of data with use and benefits.";"https://doi.org/10.1080/10580530.2012.716740";"Crossref api.crossref.org/works/10.1080/10580530.2012.716740 — título, ano, veículo, volume/número/páginas e DOI lidos do JSON em 2026-10-09; registro também conferido em OpenAlex."
"Martin, Chris";"2014";"Barriers to the Open Government Data Agenda: Taking a Multi-Level Perspective";"Policy & Internet";"6";"3";"217-240";"10.1002/1944-2866.poi367";"en";"6. Dados abertos e governo aberto";"As barreiras à agenda de dados abertos governamentais existem em duas formas: barreiras de implementação e barreiras de uso.";"It argues that such barriers exist in two forms: implementation barriers and barriers to use.";"https://doi.org/10.1002/1944-2866.poi367";"Crossref api.crossref.org/works/10.1002/1944-2866.poi367 — título, ano, veículo, volume/número/páginas e DOI lidos do JSON em 2026-10-09; registro também conferido em OpenAlex."
"Safarov, Igbal";"2020";"Institutional Dimensions of Open Government Data Implementation: Evidence from Transition Countries";"Public Performance & Management Review";"43";"6";"1359-1389";"10.1080/15309576.2020.1805336";"en";"6. Dados abertos e governo aberto";"Dimensões institucionais explicam o desempenho da implementação de dados abertos, que em países em transição é frágil e fortemente dependente de ajuda externa.";"This paper also strengthens the argument that institutional dimensions explain the performance of open data implementation.";"https://doi.org/10.1080/15309576.2020.1805336";"Crossref api.crossref.org/works/10.1080/15309576.2020.1805336 — título, ano, veículo, volume/número/páginas e DOI lidos do JSON em 2026-10-09; registro também conferido em OpenAlex."
"Wirtz, Bernd W.; Weyerer, Jan C.; Becker, Marcel; Müller, Wilhelm M.";"2022";"Open government data: A systematic literature review of empirical research";"Electronic Markets";"32";"4";"2381-2404";"10.1007/s12525-022-00582-8";"en";"6. Dados abertos e governo aberto";"A pesquisa empírica sobre dados abertos governamentais cresceu e se organiza em torno de antecedentes, decisões e resultados, com lacunas relevantes a preencher.";"To fill in this gap, this study conducts a systematic literature review of 169 empirical OGD studies.";"https://doi.org/10.1007/s12525-022-00582-8";"Crossref api.crossref.org/works/10.1007/s12525-022-00582-8 — título, ano, veículo, volume/número/páginas e DOI lidos do JSON em 2026-10-09; registro também conferido em OpenAlex."
"Andrade, Rodrigo Gondim de; Raupp, Fabiano Maury; Pinho, José Antonio Gomes de";"2017";"EM BUSCA DA TRANSPARÊNCIA ATIVA EM CÂMARAS: UMA INVESTIGAÇÃO NOS MAIORES MUNICÍPIOS BRASILEIROS";"Advances in Scientific and Applied Accounting";"10";"1";"003-020";"10.14392/asaa.2017100101";"pt";"7. Literatura brasileira (LAI/transparência)";"A transparência ativa ainda não é realidade nos portais das câmaras dos maiores municípios brasileiros.";"Conclui-se que a transparência ativa ainda não é uma realidade em câmaras dos maiores municípios brasileiros.";"https://doi.org/10.14392/asaa.2017100101";"Crossref api.crossref.org/works/10.14392/asaa.2017100101 — título, ano, veículo, volume/número/páginas e DOI lidos do JSON em 2026-10-09; registro também conferido em OpenAlex."
"Kerche, Fábio; Oliveira, Vanessa Elias de; Couto, Cláudio Gonçalves";"2020";"Os Conselhos Nacionais de Justiça e do Ministério Público no Brasil: instrumentos de accountability?";"Revista de Administração Pública";"54";"5";"1334-1360";"10.1590/0034-7612201900212";"pt";"7. Literatura brasileira (LAI/transparência)";"Em razão de sua composição majoritariamente interna e da atuação pouco expressiva na punição de juízes e promotores, o CNJ e o CNMP reforçam a independência do Judiciário e do MP mais do que incrementam a accountability.";"A conclusão é que, em virtude da composição majoritária do CNJ e do CNMP por integrantes internos do Judiciário e do MP e da atuação pouco expressiva em relação à punição de juízes e promotores, os órgãos reforçam ainda mais a expressiva independência dessas instituições no Brasil.";"https://doi.org/10.1590/0034-7612201900212";"Crossref api.crossref.org/works/10.1590/0034-7612201900212 — título, ano, veículo, volume/número/páginas e DOI lidos do JSON em 2026-10-09; registro também conferido em OpenAlex."
"Pinho, José Antonio Gomes de; Sacramento, Ana Rita Silva";"2009";"Accountability: já podemos traduzi-la para o português?";"Revista de Administração Pública";"43";"6";"1343-1368";"10.1590/S0034-76122009000600006";"pt";"7. Literatura brasileira (LAI/transparência)";"Ainda que avanços tenham ocorrido, o Brasil está mais próximo de responder à questão do que quando Campos a formulou, mas segue longe de construir uma verdadeira cultura de accountability.";"Considera-se que estamos mais perto da resposta do que quando Campos se defrontou com o problema, mas ainda muito longe de construir uma verdadeira cultura de accountability.";"https://doi.org/10.1590/S0034-76122009000600006";"Crossref api.crossref.org/works/10.1590/S0034-76122009000600006 — título, ano, veículo, volume/número/páginas e DOI lidos do JSON em 2026-10-09; registro também conferido em OpenAlex."
"Rocha, Diones Gomes da; Zuccolotto, Robson; Teixeira, Marco Antonio Carvalho";"2020";"Insulados e não democráticos: a (im)possibilidade do exercício da social accountability nos Tribunais de Contas brasileiros";"Revista de Administração Pública";"54";"2";"201-219";"10.1590/0034-761220190294";"pt";"7. Literatura brasileira (LAI/transparência)";"Os Tribunais de Contas brasileiros não são transparentes e resistem à participação social, o que limita a social accountability.";"As evidências sugerem que os TCs não são transparentes, o que limita a social accountability, e são muito resistentes à participação social, limitando-se a disponibilizar os mecanismos de ouvidoria, portal da transparência e serviço de atendimento ao cidadão.";"https://doi.org/10.1590/0034-761220190294";"Crossref api.crossref.org/works/10.1590/0034-761220190294 — título, ano, veículo, volume/número/páginas e DOI lidos do JSON em 2026-10-09; registro também conferido em OpenAlex."
"Rosa, Marcelo Medeiros da; Bernardo, Fabiano Domingos; Vicente, Ernesto Fernando Rodrigues; Petri, Sérgio Murilo";"2016";"A Lei de Acesso à Informação como instrumento de controle social: diagnóstico dos municípios do sul do Brasil à luz do artigo 8º da lei 12527/2011";"Navus - Revista de Gestão e Tecnologia";"";"";"72-87";"10.22279/navus.2016.v6n1.p72-87.359";"pt";"7. Literatura brasileira (LAI/transparência)";"Municípios do sul do Brasil, com mais de 10 mil habitantes, cumprem apenas parcialmente os requisitos de transparência ativa do art. 8º da LAI.";"From the collected data, it is concluded that, in general, municipalities in southern Brazil, with a population of more than 10 thousand inhabitants, partly meet the requirements set out in art . 8 of LAI .";"https://doi.org/10.22279/navus.2016.v6n1.p72-87.359";"Crossref api.crossref.org/works/10.22279/navus.2016.v6n1.p72-87.359 — título, ano, veículo, volume/número/páginas e DOI lidos do JSON em 2026-10-09; registro também conferido em OpenAlex. Excerto lido de https://doi.org/10.22279/navus.2016.v6n1.p72-87.359. [excerto do abstract em inglês do próprio artigo (o artigo é em português)]"
"Zuccolotto, Robson; Teixeira, Marco Antonio Carvalho";"2017";"Transparência orçamentária: razões do descompasso entre os estados brasileiros";"Organizações & Sociedade";"24";"82";"390-411";"10.1590/1984-9240822";"pt";"7. Literatura brasileira (LAI/transparência)";"O descompasso de transparência orçamentária entre os estados brasileiros não se explica por receita corrente, superávit ou partido político, mas por fatores como vontade política, enforcement legal, imprensa e burocracia especializada.";"Os resultados contrariam, em parte, a literatura internacional e nacional sobre o tema, ao apontar que receita corrente, superavit e partidos políticos não são razões para o descompasso.";"https://doi.org/10.1590/1984-9240822";"Crossref api.crossref.org/works/10.1590/1984-9240822 — título, ano, veículo, volume/número/páginas e DOI lidos do JSON em 2026-10-09; registro também conferido em OpenAlex."
