"n","autores","ano","titulo","veiculo","volume","numero","paginas","doi","idioma","tema","afirmacao","excerto_verbatim","fonte_do_excerto","confirma_como","observacoes"
"1","Tummers, Lars; Bekkers, Victor","2014","Policy Implementation, Street-level Bureaucracy, and the Importance of Discretion","Public Management Review","16","4","527-547","10.1080/14719037.2013.841978","en","1. Escrita e linguagem do Estado","O burocrata de nível de rua exerce discricionariedade ao implementar políticas, e essa autonomia molda tanto o sentido atribuído ao trabalho quanto a disposição de implementar a decisão.","Street-level bureaucrats implementing public policies have a certain degree of autonomy – or discretion – in their work.","https://api.openalex.org/works/doi:10.1080/14719037.2013.841978","Crossref https://api.crossref.org/works/10.1080/14719037.2013.841978 + OpenAlex https://api.openalex.org/works/doi:10.1080/14719037.2013.841978; consultado 2026-10-09",""
"2","Evans, T.","2004","Street-Level Bureaucracy, Social Work and the (Exaggerated) Death of Discretion","British Journal of Social Work","34","6","871-895","10.1093/bjsw/bch106","en","1. Escrita e linguagem do Estado","A discricionariedade profissional não desapareceu com a gerencialização: a tese do 'fim da discricionariedade' é exagerada, pois gerentes e trabalhadores disputam o controle sobre o julgamento na linha de frente.","Lipsky’s classic study of ‘street-level bureaucracy’ (1980) provided a perceptive analysis of front line practice in public organizations that has continuing relevance to recent literature, which has debated whether discretion continues to operate in social work or whether it has been curtailed.","https://api.openalex.org/works/doi:10.1093/bjsw/bch106","Crossref https://api.crossref.org/works/10.1093/bjsw/bch106 + OpenAlex https://api.openalex.org/works/doi:10.1093/bjsw/bch106; consultado 2026-10-09",""
"3","Loyens, Kim; Maesschalck, Jeroen","2010","Toward a Theoretical Framework for Ethical Decision Making of Street-Level Bureaucracy","Administration & Society","42","1","66-100","10.1177/0095399710362524","en","1. Escrita e linguagem do Estado","Explicar como o burocrata decide exige um quadro que combine a literatura de burocracia de nível de rua com a de decisão ética, articulando os fatores que condicionam a decisão individual.","This article focuses on the literature on street-level bureaucracy and the literature on ethical decision making.","https://api.openalex.org/works/doi:10.1177/0095399710362524","Crossref https://api.crossref.org/works/10.1177/0095399710362524 + OpenAlex https://api.openalex.org/works/doi:10.1177/0095399710362524; consultado 2026-10-09",""
"4","Moynihan, D.; Herd, P.; Harvey, H.","2015","Administrative Burden: Learning, Psychological, and Compliance Costs in Citizen-State Interactions","Journal of Public Administration Research and Theory","25","1","43-69","10.1093/jopart/muu009","en","1. Escrita e linguagem do Estado","O ônus administrativo é custo de aprendizado, psicológico e de conformidade que o cidadão paga ao interagir com o Estado, e funciona como instrumento político de distribuição de esforço entre Estado e indivíduo.","First, we develop the concept of administrative burden as an important variable in understanding how citizens experience the state.","https://api.openalex.org/works/doi:10.1093/jopart/muu009","Crossref https://api.crossref.org/works/10.1093/jopart/muu009 + OpenAlex https://api.openalex.org/works/doi:10.1093/jopart/muu009; consultado 2026-10-09",""
"5","Cardozo, Guilherme Lima","2025","Linguagem simples na administração pública brasileira experiências normativas e desafios de implementação","REVISTA DA EMERJ","23","","","10.70622/2238-7110.2025.633","pt","1. Escrita e linguagem do Estado","A linguagem complexa da administração é barreira à transparência e à inclusão, de modo que diretrizes de simplificação textual (linguagem simples) se tornam ferramenta de política pública.","Este artigo examina a relevância da linguagem simples na comunicação governamental brasileira, destacando seu papel na promoção da transparência, inclusão social e eficiência administrativa.","https://api.openalex.org/works/doi:10.70622/2238-7110.2025.633","Crossref https://api.crossref.org/works/10.70622/2238-7110.2025.633 + OpenAlex https://api.openalex.org/works/doi:10.70622/2238-7110.2025.633; consultado 2026-10-09","Registro Crossref/OpenAlex sem número de fascículo nem página; volume 23, 2025."
"6","Binns, Reuben","2018","Algorithmic Accountability and Public Reason","Philosophy & Technology","31","4","543-556","10.1007/s13347-017-0263-5","en","2. Decisão automatizada e algoritmos","A responsabilização algorítmica exige que o decisor ofereça justificações ao afetado, e essas justificações devem se pautar pelo ideal democrático de razão pública.","Drawing from political philosophy, I present an account of algorithmic accountability in terms of the democratic ideal of 'public reason'.","https://api.openalex.org/works/doi:10.1007/s13347-017-0263-5","Crossref https://api.crossref.org/works/10.1007/s13347-017-0263-5 + OpenAlex https://api.openalex.org/works/doi:10.1007/s13347-017-0263-5; consultado 2026-10-09",""
"7","Janssen, Marijn; Hartog, Martijn; Matheus, Ricardo; Yi Ding, Aaron; Kuk, George","2022","Will Algorithms Blind People? The Effect of Explainable AI and Decision-Makers’ Experience on AI-supported Decision-Making in Government","Social Science Computer Review","40","2","478-493","10.1177/0894439320980118","en","2. Decisão automatizada e algoritmos","Algoritmos opacos podem levar o decisor público a segui-los cegamente, e a explicação e a experiência do agente alteram a qualidade da decisão apoiada por IA no governo.","Yet algorithms often remain opaque to the decision makers and devoid of clear explanations for the decisions made.","https://api.openalex.org/works/doi:10.1177/0894439320980118","Crossref https://api.crossref.org/works/10.1177/0894439320980118 + OpenAlex https://api.openalex.org/works/doi:10.1177/0894439320980118; consultado 2026-10-09",""
"8","Kaun, Anne","2022","Suing the algorithm: the mundanization of automated decision-making in public services through litigation","Information, Communication & Society","25","14","2046-2062","10.1080/1369118x.2021.1924827","en","2. Decisão automatizada e algoritmos","A automação de decisões no Estado social é contestada na Justiça, e a litigância judicializa e banaliza a responsabilização por decisões algorítmicas em serviços públicos.","Automated decision-making using algorithmic systems is increasingly being introduced in the public sector constituting one important pillar in the emergence of the digital welfare state.","https://api.openalex.org/works/doi:10.1080/1369118x.2021.1924827","Crossref https://api.crossref.org/works/10.1080/1369118x.2021.1924827 + OpenAlex https://api.openalex.org/works/doi:10.1080/1369118x.2021.1924827; consultado 2026-10-09",""
"9","Agbabiaka, Olusegun; Ojo, Adegboyega; Connolly, Niall","2025","Requirements for trustworthy AI-enabled automated decision-making in the public sector: A systematic review","Technological Forecasting and Social Change","215","","124076","10.1016/j.techfore.2025.124076","en","2. Decisão automatizada e algoritmos","A confiabilidade da decisão automatizada por IA no setor público depende de requisitos agregados (explicabilidade, responsabilização, etc.) mapeáveis ao ciclo de vida de sistemas de IA.","With AI adoption for decision-making in the public sector projected to rise with profound socio-ethical impacts, the need to ensure its trustworthy use continues to attract research attention.","https://api.openalex.org/works/doi:10.1016/j.techfore.2025.124076","Crossref https://api.crossref.org/works/10.1016/j.techfore.2025.124076 + OpenAlex https://api.openalex.org/works/doi:10.1016/j.techfore.2025.124076; consultado 2026-10-09",""
"10","Burrell, Jenna","2016","How the machine ‘thinks’: Understanding opacity in machine learning algorithms","Big Data & Society","3","1","","10.1177/2053951715622512","en","2. Decisão automatizada e algoritmos","A opacidade dos algoritmos de aprendizado de máquina tem três origens distintas: segredo intencional (corporativo/estatal), iliteracia técnica e a própria complexidade do modelo.","This article considers the issue of opacity as a problem for socially consequential mechanisms of classification and ranking, such as spam filters, credit card fraud detection, search engines, news trends, market segmentation and advertising, insurance or loan qualification, and credit scoring.","https://api.openalex.org/works/doi:10.1177/2053951715622512","Crossref https://api.crossref.org/works/10.1177/2053951715622512 + OpenAlex https://api.openalex.org/works/doi:10.1177/2053951715622512; consultado 2026-10-09",""
"11","Broder, A.Z.","1997","On the resemblance and containment of documents","Proceedings. Compression and Complexity of SEQUENCES 1997 (IEEE)","","","21-29","10.1109/sequen.1997.666900","en","3. Reuso e quase-duplicata de texto","A semelhança (resemblance) e a contenção (containment) entre documentos podem ser reduzidas a problemas de interseção de conjuntos, estimáveis por amostragem aleatória com fingerprint de Rabin.","Given two documents A and B we define two mathematical notions: their resemblance r(A, B) and their containment c(A, B) that seem to capture well the informal notions of ""roughly the same"" and ""roughly contained."" The basic idea is to reduce these issues to set intersection problems that can be easily evaluated by a process of random sampling that can be done independently for each document.","https://api.openalex.org/works/doi:10.1109/sequen.1997.666900","Crossref https://api.crossref.org/works/10.1109/sequen.1997.666900 + OpenAlex https://api.openalex.org/works/doi:10.1109/sequen.1997.666900; consultado 2026-10-09","OpenAlex data o registro de 2002 (data de publicação no IEEE Xplore); o artigo é de 1997 (anais da conferência SEQUENCES). Ano de 1997 adotado."
"12","Leskovec, Jure; Rajaraman, Anand; Ullman, Jeffrey David","2014","Mining of Massive Datasets","Cambridge University Press (Mining of Massive Datasets)","","","","10.1017/cbo9781139924801","en","3. Reuso e quase-duplicata de texto","A detecção de quase-duplicatas em larga escala se apoia em minhashing e hashing sensível à localidade (LSH) para estimar a similaridade de conjuntos de forma eficiente.","The authors explain the tricks of locality-sensitive hashing and stream processing algorithms for mining data that arrives too fast for exhaustive processing.","https://api.openalex.org/works/doi:10.1017/cbo9781139924801","Crossref https://api.crossref.org/works/10.1017/cbo9781139924801 + OpenAlex https://api.openalex.org/works/doi:10.1017/cbo9781139924801; consultado 2026-10-09","Livro (Crossref tipo 'monograph'); 3ª edição (2014). Excerto = sinopse da editora/Cambridge, não abstract de artigo."
"13","Henzinger, Monika","2006","Finding near-duplicate web pages","Proceedings of the 29th annual international ACM SIGIR conference on Research and development in information retrieval","","","284-291","10.1145/1148170.1148222","en","3. Reuso e quase-duplicata de texto","Algoritmos de shingling e de projeção aleatória para quase-duplicatas têm desempenho distinto: ambos erram em pares do mesmo site, mas diferem na precisão em sites distintos.","Broder et al.'s [3] shingling algorithm and Charikar's [4] random projection based approach are considered ""state-of-the-art"" algorithms for finding near-duplicate web pages.","https://api.openalex.org/works/doi:10.1145/1148170.1148222","Crossref https://api.crossref.org/works/10.1145/1148170.1148222 + OpenAlex https://api.openalex.org/works/doi:10.1145/1148170.1148222; consultado 2026-10-09",""
"14","Xu, Shaobin; Smith, David; Mullen, Abigail; Cordell, Ryan","2014","Detecting and Evaluating Local Text Reuse in Social Networks","Proceedings of the Joint Workshop on Social Dynamics and Personal Attributes in Social Media","","","50-57","10.3115/v1/w14-2707","en","3. Reuso e quase-duplicata de texto","A detecção de reuso local de texto permite encontrar clusters de passagens copiadas dentro de documentos longos, com aplicação ao uso de linguagem semelhante em declarações públicas de congressistas.","Texts propagate among participants in many social networks and provide evidence for network structure.We describe intrinsic and extrinsic evaluations for algorithms that detect clusters of reused passages embedded within longer documents in large collections.We explore applications of these approaches to two case studies: the culture of free reprinting in the nineteenth-century United States and the use of similar language in the public statements of U.S.","https://api.openalex.org/works/doi:10.3115/v1/w14-2707","Crossref https://api.crossref.org/works/10.3115/v1/w14-2707 + OpenAlex https://api.openalex.org/works/doi:10.3115/v1/w14-2707; consultado 2026-10-09",""
"15","Brück, Janise; Knorr, Charlotte; Guenther, Lars","2025","Copy, paste, and publish: a systematic review of churnalism as a journalistic practice","Annals of the International Communication Association","49","4","257-270","10.1093/anncom/wlaf014","en","3. Reuso e quase-duplicata de texto","O 'churnalism' — jornalismo de copiar-e-colar — produz matérias que são reproduções (verbatim) de material de terceiros, padronizando a comunicação institucional reproduzida na mídia.","Churnalism, or copy-and-paste journalism, refers to a journalistic practice in which journalists (heavily) rely on external third-party materials, leading to news stories that are (verbatim) reproductions of this material.","https://api.openalex.org/works/doi:10.1093/anncom/wlaf014","Crossref https://api.crossref.org/works/10.1093/anncom/wlaf014 + OpenAlex https://api.openalex.org/works/doi:10.1093/anncom/wlaf014; consultado 2026-10-09",""
"16","Mergel, Ines","2019","Digital service teams in government","Government Information Quarterly","36","4","101389","10.1016/j.giq.2019.07.001","en","4. Governo digital e serviços públicos","Os times de serviço digital do governo emergem como terceiro espaço entre a TI centralizada e a descentralizada, para responder de forma ágil a desafios e a fracassos de grandes projetos de TI.","National governments are setting up digital service teams (DST) – IT units outside the centralized CIO's office – to respond to complex governmental and societal challenges in a responsive and agile manner.","https://api.openalex.org/works/doi:10.1016/j.giq.2019.07.001","Crossref https://api.crossref.org/works/10.1016/j.giq.2019.07.001 + OpenAlex https://api.openalex.org/works/doi:10.1016/j.giq.2019.07.001; consultado 2026-10-09",""
"17","Roy, Jeffrey","2017","Digital government and service delivery: An examination of performance and prospects","Canadian Public Administration","60","4","538-561","10.1111/capa.12231","en","4. Governo digital e serviços públicos","A entrega digital de serviços públicos prometia ganhos de desempenho e custo, mas a comparação com bancos e varejo mascara uma história bem mais complexa de inovação e reforma do serviço público.","Since the emergence of electronic or digital government two decades ago, the delivery of public services online has been a centrepiece in efforts to leverage the Internet and improve the performance of the public sector.","https://api.openalex.org/works/doi:10.1111/capa.12231","Crossref https://api.crossref.org/works/10.1111/capa.12231 + OpenAlex https://api.openalex.org/works/doi:10.1111/capa.12231; consultado 2026-10-09",""
"18","Scupola, Ada; Mergel, Ines","2022","Co-production in digital transformation of public administration and public value creation: The case of Denmark","Government Information Quarterly","39","1","101650","10.1016/j.giq.2021.101650","en","4. Governo digital e serviços públicos","A transformação digital da administração se apoia em arranjos de coprodução com diferentes atores e gera valor público (do cidadão, econômico, administrativo e societal).","They are using co-production approaches and include different types of stakeholders into these transformative processes to increase service quality and generate public value.","https://api.openalex.org/works/doi:10.1016/j.giq.2021.101650","Crossref https://api.crossref.org/works/10.1016/j.giq.2021.101650 + OpenAlex https://api.openalex.org/works/doi:10.1016/j.giq.2021.101650; consultado 2026-10-09",""
"19","Kruskal, William H.; Wallis, W. Allen","1952","Use of Ranks in One-Criterion Variance Analysis","Journal of the American Statistical Association","47","260","583-621","10.1080/01621459.1952.10483441","en","5. Métodos estatísticos e de concordância","O teste de Kruskal-Wallis compara C amostras por postos: sob a hipótese nula, a estatística H segue aproximadamente uma distribuição χ² com C-1 graus de liberdade.","Under the stated hypothesis, H is distributed approximately as χ2(C – 1), unless the samples are too small, in which case special approximations or exact tables are provided.","https://api.openalex.org/works/doi:10.1080/01621459.1952.10483441","Crossref https://api.crossref.org/works/10.1080/01621459.1952.10483441 + OpenAlex https://api.openalex.org/works/doi:10.1080/01621459.1952.10483441; consultado 2026-10-09",""
"20","Dunn, Olive Jean","1964","Multiple Comparisons Using Rank Sums","Technometrics","6","3","241-252","10.1080/00401706.1964.10490181","en","5. Métodos estatísticos e de concordância","O post hoc de Dunn usa somas de postos de um ranqueamento combinado de k amostras independentes para decidir quais populações diferem entre si.","This paper considers the use of rank sums from a combined ranking of k independent samples in order to decide which populations differ.","https://api.openalex.org/works/doi:10.1080/00401706.1964.10490181","Crossref https://api.crossref.org/works/10.1080/00401706.1964.10490181 + OpenAlex https://api.openalex.org/works/doi:10.1080/00401706.1964.10490181; consultado 2026-10-09",""
"21","Wilson, Edwin B.","1927","Probable Inference, the Law of Succession, and Statistical Inference","Journal of the American Statistical Association","22","158","209-212","10.1080/01621459.1927.10502953","en","5. Métodos estatísticos e de concordância","O intervalo de confiança de Wilson para proporções deriva da inferência provável (probable inference) e é próprio para proporções binomiais em amostras finitas.","resumo não acessível","https://api.openalex.org/works/doi:10.1080/01621459.1927.10502953","Crossref https://api.crossref.org/works/10.1080/01621459.1927.10502953 + OpenAlex https://api.openalex.org/works/doi:10.1080/01621459.1927.10502953; consultado 2026-10-09","Sem abstract indexado em Crossref/OpenAlex/Semantic Scholar. Página inicial 209-212."
"22","Cohen, Jacob","1960","A Coefficient of Agreement for Nominal Scales","Educational and Psychological Measurement","20","1","37-46","10.1177/001316446002000104","en","5. Métodos estatísticos e de concordância","O coeficiente kappa de Cohen mede a concordância entre avaliadores além do acaso para escalas nominais.","resumo não acessível","https://api.crossref.org/works/10.1177/001316446002000104 (abstract não indexado)","Crossref https://api.crossref.org/works/10.1177/001316446002000104 + OpenAlex https://api.openalex.org/works/doi:10.1177/001316446002000104; consultado 2026-10-09","Sem abstract indexado (o artigo de 1960 originalmente não traz resumo)."
"23","Landis, J. Richard; Koch, Gary G.","1977","The Measurement of Observer Agreement for Categorical Data","Biometrics","33","1","159-174","10.2307/2529310","en","5. Métodos estatísticos e de concordância","Landis e Koch generalizam o kappa para estatísticas do tipo kappa e propõem testes de viés interobservador por homogeneidade marginal de primeira ordem.","Tests for interobserver bias are presented in terms of first-order marginal homogeneity and measures of interobserver agreement are developed as generalized kappa-type statistics.","https://api.openalex.org/works/doi:10.2307/2529310","Crossref https://api.crossref.org/works/10.2307/2529310 + OpenAlex https://api.openalex.org/works/doi:10.2307/2529310; consultado 2026-10-09","Crossref e OpenAlex registram apenas '159' como página; o intervalo 159-174 consta no JSTOR/PDF do artigo."
"24","Fleiss, Joseph L.","1971","Measuring nominal scale agreement among many raters.","Psychological Bulletin","76","5","378-382","10.1037/h0031619","en","5. Métodos estatísticos e de concordância","O kappa de Fleiss estende a medida de concordância para muitos avaliadores sobre escalas nominais.","resumo não acessível","https://api.crossref.org/works/10.1037/h0031619 (abstract não indexado)","Crossref https://api.crossref.org/works/10.1037/h0031619 + OpenAlex https://api.openalex.org/works/doi:10.1037/h0031619; consultado 2026-10-09","Sem abstract indexado (o artigo original não traz resumo)."
"25","Gwet, Kilem Li","2008","Computing inter‐rater reliability and its variance in the presence of high agreement","British Journal of Mathematical and Statistical Psychology","61","1","29-48","10.1348/000711006x126600","en","5. Métodos estatísticos e de concordância","O coeficiente AC1 de Gwet foi proposto para corrigir os paradoxos do kappa em situações de alta concordância, com novos estimadores de variância que não supõem independência entre avaliadores.","This paper explores the origin of these limitations, and introduces an alternative and more stable agreement coefficient referred to as the AC1 coefficient.","https://api.openalex.org/works/doi:10.1348/000711006x126600","Crossref https://api.crossref.org/works/10.1348/000711006x126600 + OpenAlex https://api.openalex.org/works/doi:10.1348/000711006x126600; consultado 2026-10-09",""
"26","Scheller, Daniel S.","2024","Logistic Regression","Elementary Statistics for Public Administration","","","360-377","10.1017/9781009439930.021","en","5. Métodos estatísticos e de concordância","A regressão logística é apresentada como técnica da estatística elementar aplicada à administração pública, adequada a desfechos binários.","It provides basic mathematical instruction without compromising on analytical rigor, covering the essentials of research design; descriptive statistics; data visualization; and statistical tests including t-tests, chi-squares, ANOVAs, Wilcoxon tests, OLS regression, and logistic regression.","https://api.openalex.org/works/doi:10.1017/9781009439930.021","Crossref https://api.crossref.org/works/10.1017/9781009439930.021 + OpenAlex https://api.openalex.org/works/doi:10.1017/9781009439930.021; consultado 2026-10-09","Capítulo de livro (Elementary Statistics for Public Administration, Cambridge UP); autor do capítulo conforme OpenAlex."
"27","Fujita, Mariângela Spotti Lopes; Oliveira, Marcelo Fernandes de","2023","A LEI DA TRANSPARÊNCIA E DE ACESSO À INFORMAÇÃO NO BRASIL: O CASO DO ESTADO DE SÃO PAULO","Perspectivas em Ciência da Informação","28","","","10.1590/1981-5344/41917","pt","6. Administração pública brasileira e controle externo","A implementação da Lei de Acesso à Informação no Estado de São Paulo depende de como governo estadual e municípios incorporam a norma, mostrando desdobramentos desiguais na transparência.","A implementação da Lei de Acesso à Informação (LAI), em São Paulo, é objeto desta investigação, para responder a questão: após a regulamentação, quais os desdobramentos do cumprimento da LAI, no Estado de São Paulo?","https://api.openalex.org/works/doi:10.1590/1981-5344/41917","Crossref https://api.crossref.org/works/10.1590/1981-5344/41917 + OpenAlex https://api.openalex.org/works/doi:10.1590/1981-5344/41917; consultado 2026-10-09",""
"28","De Lima, Melina Pompeu; Abdalla, Márcio Moutinho; Lima Oliveira, Leonel Góis","2020","Avaliação da transparência ativa e passiva das universidades públicas federais do Brasil à luz da Lei de Acesso à Informação","Revista do Serviço Público","71","","232-263","10.21874/rsp.v71ic.4662","pt","6. Administração pública brasileira e controle externo","As universidades federais brasileiras cumprem a LAI de forma positiva porém assimétrica, com comprometimento maior com a transparência passiva do que com a ativa.","Os resultados de cada transparência foram positivos, mas assimétricos, revelando um comprometimento maior das universidades com a transparência passiva, dada uma alta porcentagem de respostas dentro da população estudada (71%), em detrimento da transparência ativa (56%).","https://api.openalex.org/works/doi:10.21874/rsp.v71ic.4662","Crossref https://api.crossref.org/works/10.21874/rsp.v71ic.4662 + OpenAlex https://api.openalex.org/works/doi:10.21874/rsp.v71ic.4662; consultado 2026-10-09",""
"29","Zuccolotto, Robson; Teixeira, Marco Antonio Carvalho","2014","The Causes of Fiscal Transparency: Evidence in the Brazilian States","Revista Contabilidade & Finanças","25","66","242-254","10.1590/1808-057x201410820","en","6. Administração pública brasileira e controle externo","As causas da transparência fiscal nos estados brasileiros se relacionam a variáveis fiscais, socioeconômicas e políticas, sendo a transparência condição da accountability democrática.","Following the trend of international empirical research, this exploratory study investigates the relationships between three sets of variables (current and past fiscal variables, socioeconomic variables and political variables) and fiscal transparency in the Brazilian subnational context.","https://api.openalex.org/works/doi:10.1590/1808-057x201410820","Crossref https://api.crossref.org/works/10.1590/1808-057x201410820 + OpenAlex https://api.openalex.org/works/doi:10.1590/1808-057x201410820; consultado 2026-10-09",""
"30","Machado, Betieli Da Rosa Sauzem; Hermany, Ricardo","2023","A governança multinível e o controle externo em políticas públicas de saúde no âmbito local: a possibilidade indutora dos pareceres do Tribunal de Contas","Revista Brasileira de Políticas Públicas","12","3","","10.5102/rbpp.v12i3.8009","pt","6. Administração pública brasileira e controle externo","O controle externo exercido por tribunal de contas pode induzir diretrizes de gestão aos municípios (fiscalização positiva), orientando políticas públicas locais como a de saúde.","O objetivo deste artigo é examinar o controle externo realizado pelo Tribunal de Contas do Estado do Rio Grande do Sul (TCE-RS) e a gestão das políticas públicas de saúde em âmbito local pelo viés da governança multinível.","https://api.openalex.org/works/doi:10.5102/rbpp.v12i3.8009","Crossref https://api.crossref.org/works/10.5102/rbpp.v12i3.8009 + OpenAlex https://api.openalex.org/works/doi:10.5102/rbpp.v12i3.8009; consultado 2026-10-09",""
"31","De Souza, Antônio Fernando Barros e Silva","1997","Tribunal de Contas - Valores públicos - Prestação de contas","Revista de Direito Administrativo","207","","265-274","10.12660/rda.v207.1997.46954","pt","6. Administração pública brasileira e controle externo","O dever de prestar contas recai sobre a pessoa física responsável por bens e valores públicos, ainda que a entidade recebedora seja de direito privado, submetendo-se à fiscalização do Tribunal de Contas da União.","3 - O dever de prestar contas, no caso, não é da entidade, mas da pessoa física responsável por bens e valores públicos, seja ele agente público ou não.","https://api.openalex.org/works/doi:10.12660/rda.v207.1997.46954","Crossref https://api.crossref.org/works/10.12660/rda.v207.1997.46954 + OpenAlex https://api.openalex.org/works/doi:10.12660/rda.v207.1997.46954; consultado 2026-10-09",""
"32","Wilkinson, Mark D.; Dumontier, Michel; Aalbersberg, IJsbrand Jan; Appleton, Gabrielle; Axton, Myles; Baak, Arie; Blomberg, Niklas; Boiten, Jan-Willem; da Silva Santos, Luiz Bonino; Bourne, Philip E.; Bouwman, Jildau; Brookes, Anthony J.; Clark, Tim; Crosas, Mercè; Dillo, Ingrid; Dumon, Olivier; Edmunds, Scott; Evelo, Chris T.; Finkers, Richard; Gonzalez-Beltran, Alejandra; Gray, Alasdair J.G.; Groth, Paul; Goble, Carole; Grethe, Jeffrey S.; Heringa, Jaap; ’t Hoen, Peter A.C; Hooft, Rob; Kuhn, Tobias; Kok, Ruben; Kok, Joost; Lusher, Scott J.; Martone, Maryann E.; Mons, Albert; Packer, Abel L.; Persson, Bengt; Rocca-Serra, Philippe; Roos, Marco; van Schaik, Rene; Sansone, Susanna-Assunta; Schultes, Erik; Sengstag, Thierry; Slater, Ted; Strawn, George; Swertz, Morris A.; Thompson, Mark; van der Lei, Johan; van Mulligen, Erik; Velterop, Jan; Waagmeester, Andra; Wittenburg, Peter; Wolstencroft, Katherine; Zhao, Jun; Mons, Barend","2016","The FAIR Guiding Principles for scientific data management and stewardship","Scientific Data","3","1","160018","10.1038/sdata.2016.18","en","7. Integridade e reprodutibilidade de dados","Os princípios FAIR (Findable, Accessible, Interoperable, Reusable) orientam a gestão e a curadoria de dados científicos para maximizar seu reúso por máquinas e pessoas.","A diverse set of stakeholders-representing academia, industry, funding agencies, and scholarly publishers-have come together to design and jointly endorse a concise and measureable set of principles that we refer to as the FAIR Data Principles.","https://api.openalex.org/works/doi:10.1038/sdata.2016.18","Crossref https://api.crossref.org/works/10.1038/sdata.2016.18 + OpenAlex https://api.openalex.org/works/doi:10.1038/sdata.2016.18; consultado 2026-10-09",""
"33","Page, Matthew J; McKenzie, Joanne E; Bossuyt, Patrick M; Boutron, Isabelle; Hoffmann, Tammy C; Mulrow, Cynthia D; Shamseer, Larissa; Tetzlaff, Jennifer M; Akl, Elie A; Brennan, Sue E; Chou, Roger; Glanville, Julie; Grimshaw, Jeremy M; Hróbjartsson, Asbjørn; Lalu, Manoj M; Li, Tianjing; Loder, Elizabeth W; Mayo-Wilson, Evan; McDonald, Steve; McGuinness, Luke A; Stewart, Lesley A; Thomas, James; Tricco, Andrea C; Welch, Vivian A; Whiting, Penny; Moher, David","2021","The PRISMA 2020 statement: an updated guideline for reporting systematic reviews","BMJ","372","","n71","10.1136/bmj.n71","en","7. Integridade e reprodutibilidade de dados","O PRISMA 2020 substitui a versão de 2009 e atualiza as diretrizes de relato de revisões sistemáticas, incluindo uma lista de 27 itens.","In this article, we present the PRISMA 2020 27-item checklist, an expanded checklist that details reporting recommendations for each item, the PRISMA 2020 abstract checklist, and the revised flow diagrams for original and updated reviews.","https://api.openalex.org/works/doi:10.1136/bmj.n71","Crossref https://api.crossref.org/works/10.1136/bmj.n71 + OpenAlex https://api.openalex.org/works/doi:10.1136/bmj.n71; consultado 2026-10-09",""
"34","Wohlin, Claes","2014","Guidelines for snowballing in systematic literature studies and a replication in software engineering","Proceedings of the 18th International Conference on Evaluation and Assessment in Software Engineering","","","1-10","10.1145/2601248.2601268","en","7. Integridade e reprodutibilidade de dados","O snowballing (bola de neve) é um procedimento sistemático para identificar literatura a partir de um conjunto inicial de estudos, para frente e para trás.","Background: Systematic literature studies have become common in software engineering, and hence it is important to understand how to conduct them efficiently and reliably.","https://api.openalex.org/works/doi:10.1145/2601248.2601268","Crossref https://api.crossref.org/works/10.1145/2601248.2601268 + OpenAlex https://api.openalex.org/works/doi:10.1145/2601248.2601268; consultado 2026-10-09","OpenAlex traz só o 1º parágrafo do abstract; o resumo completo está no PDF (ACM/DiVA)."
"35","Schoch, David; Chan, Chung-hong; Wagner, Claudia; Bleier, Arnim","2024","Computational reproducibility in computational social science","EPJ Data Science","13","1","","10.1140/epjds/s13688-024-00514-w","en","7. Integridade e reprodutibilidade de dados","A reprodutibilidade computacional pode ser organizada em níveis (tier system) que exigem verificabilidade externa crescente, combatendo o 'open-washing'.","We argue that computational-x disciplines such as computational social science, are also susceptible to the symptoms of the crises, but in terms of reproducibility.","https://api.openalex.org/works/doi:10.1140/epjds/s13688-024-00514-w","Crossref https://api.crossref.org/works/10.1140/epjds/s13688-024-00514-w + OpenAlex https://api.openalex.org/works/doi:10.1140/epjds/s13688-024-00514-w; consultado 2026-10-09",""
