ano,pedidos,pct_resumo,pct_detalhamento,pct_resposta,ext_media_resumo,ext_media_resposta,ext_mediana_resposta,respostas_distintas_inicio,pct_resposta_padronizada,top_decisoes,motivo_negativa_n,motivo_negativa_top
2015,71116,100.0,100.0,100.0,52.0,986.0,708.0,53627,20.9,"{'Acesso Concedido': 52403, 'Acesso Negado': 4583, 'Não se trata de solicitação de informação': 4238, 'Acesso Parcialmente Concedido': 3620, 'Órgão não tem competência para responder sobre o assunto': 2553, 'Informação Inexistente': 2267}",0,{}
2016,81042,100.0,100.0,100.0,53.0,1032.0,714.0,60905,21.2,"{'Acesso Concedido': 58482, 'Não se trata de solicitação de informação': 5590, 'Acesso Parcialmente Concedido': 4890, 'Acesso Negado': 4520, 'Órgão não tem competência para responder sobre o assunto': 3243, 'Informação Inexistente': 2530}",0,{}
2017,89738,100.0,100.0,100.0,60.0,928.0,618.0,68774,20.0,"{'Acesso Concedido': 66826, 'Não se trata de solicitação de informação': 6162, 'Acesso Negado': 5218, 'Acesso Parcialmente Concedido': 3621, 'Órgão não tem competência para responder sobre o assunto': 3112, 'Informação Inexistente': 2897}",0,{}
2018,90632,100.0,100.0,100.0,63.0,1043.0,769.0,70631,19.0,"{'Acesso Concedido': 66822, 'Acesso Negado': 6161, 'Não se trata de solicitação de informação': 5639, 'Acesso Parcialmente Concedido': 3881, 'Informação Inexistente': 3247, 'Órgão não tem competência para responder sobre o assunto': 2867}",0,{}
2019,95398,100.0,100.0,100.0,59.0,1123.0,812.0,77825,14.9,"{'Acesso Concedido': 68461, 'Acesso Negado': 7526, 'Não se trata de solicitação de informação': 4923, 'Acesso Parcialmente Concedido': 4700, 'Informação Inexistente': 4181, 'Órgão não tem competência para responder sobre o assunto': 3224}",0,{}
2020,110663,98.8,100.0,100.0,55.0,1390.0,1176.0,79740,24.7,"{'Acesso Concedido': 68696, 'Não se trata de solicitação de informação': 20490, 'Acesso Negado': 7261, 'Acesso Parcialmente Concedido': 5004, 'Informação Inexistente': 3750, 'Órgão não tem competência para responder sobre o assunto': 2933}",0,{}
2021,79111,94.5,100.0,100.0,55.0,1424.0,1198.0,59542,21.5,"{'Acesso Concedido': 54285, 'Não se trata de solicitação de informação': 8659, 'Acesso Negado': 5110, 'Acesso Parcialmente Concedido': 4684, 'Informação Inexistente': 3032, 'Órgão não tem competência para responder sobre o assunto': 1957}",0,{}
2022,69062,94.4,100.0,100.0,51.0,1373.0,1060.0,52375,21.2,"{'Acesso Concedido': 51021, 'Acesso Negado': 4789, 'Acesso Parcialmente Concedido': 3997, 'Não se trata de solicitação de informação': 3153, 'Informação Inexistente': 2434, 'Órgão não tem competência para responder sobre o assunto': 2037}",0,{}
2023,89508,94.4,100.0,100.0,55.0,1443.0,1048.0,66788,22.7,"{'Acesso Concedido': 67963, 'Acesso Negado': 6054, 'Acesso Parcialmente Concedido': 5215, 'Informação Inexistente': 3601, 'Não se trata de solicitação de informação': 2516, 'Órgão não tem competência para responder sobre o assunto': 2086}",0,{}
2024,78894,94.5,100.0,100.0,63.0,1460.0,1045.0,60707,20.3,"{'Acesso Concedido': 59142, 'Acesso Parcialmente Concedido': 5574, 'Acesso Negado': 5296, 'Informação Inexistente': 2917, 'Não se trata de solicitação de informação': 2380, 'Pergunta Duplicada/Repetida': 2022}",0,{}
2025,83827,94.7,100.0,100.0,63.0,1539.0,1070.0,64101,20.4,"{'Acesso Concedido': 62194, 'Acesso Parcialmente Concedido': 6795, 'Acesso Negado': 5306, 'Informação Inexistente': 3242, 'Não se trata de solicitação de informação': 2275, 'Órgão não tem competência para responder sobre o assunto': 2031}",191,"{'Corresponde à informação pessoal de privacidade, honra e ima': 10, 'Em resposta ao Pedido de Acesso à Informação, registrado na ': 6, 'Dados pessoais de terceiros': 4, 'Dados pessoais': 4}"
